trial_id,split,wheel,direction,sample_num,timestamp_ms,step_timestamp_ms,PWM,encoder_count,phase
rise_1,fit,left,forward,0,190028,191018,60,0,initial_hold
rise_1,fit,left,forward,1,190041,191018,60,0,initial_hold
rise_1,fit,left,forward,2,190051,191018,60,0,initial_hold
rise_1,fit,left,forward,3,190061,191018,60,0,initial_hold
rise_1,fit,left,forward,4,190071,191018,60,0,initial_hold
rise_1,fit,left,forward,5,190081,191018,60,0,initial_hold
rise_1,fit,left,forward,6,190091,191018,60,1,initial_hold
rise_1,fit,left,forward,7,190101,191018,60,2,initial_hold
rise_1,fit,left,forward,8,190111,191018,60,3,initial_hold
rise_1,fit,left,forward,9,190121,191018,60,4,initial_hold
rise_1,fit,left,forward,10,190131,191018,60,6,initial_hold
rise_1,fit,left,forward,11,190141,191018,60,8,initial_hold
rise_1,fit,left,forward,12,190151,191018,60,12,initial_hold
rise_1,fit,left,forward,13,190161,191018,60,16,initial_hold
rise_1,fit,left,forward,14,190171,191018,60,20,initial_hold
rise_1,fit,left,forward,15,190181,191018,60,25,initial_hold
rise_1,fit,left,forward,16,190191,191018,60,30,initial_hold
rise_1,fit,left,forward,17,190201,191018,60,36,initial_hold
rise_1,fit,left,forward,18,190211,191018,60,42,initial_hold
rise_1,fit,left,forward,19,190221,191018,60,48,initial_hold
rise_1,fit,left,forward,20,190231,191018,60,54,initial_hold
rise_1,fit,left,forward,21,190241,191018,60,60,initial_hold
rise_1,fit,left,forward,22,190251,191018,60,67,initial_hold
rise_1,fit,left,forward,23,190261,191018,60,74,initial_hold
rise_1,fit,left,forward,24,190271,191018,60,80,initial_hold
rise_1,fit,left,forward,25,190281,191018,60,87,initial_hold
rise_1,fit,left,forward,26,190291,191018,60,94,initial_hold
rise_1,fit,left,forward,27,190301,191018,60,102,initial_hold
rise_1,fit,left,forward,28,190311,191018,60,109,initial_hold
rise_1,fit,left,forward,29,190321,191018,60,116,initial_hold
rise_1,fit,left,forward,30,190331,191018,60,123,initial_hold
rise_1,fit,left,forward,31,190341,191018,60,130,initial_hold
rise_1,fit,left,forward,32,190351,191018,60,138,initial_hold
rise_1,fit,left,forward,33,190361,191018,60,145,initial_hold
rise_1,fit,left,forward,34,190371,191018,60,152,initial_hold
rise_1,fit,left,forward,35,190381,191018,60,160,initial_hold
rise_1,fit,left,forward,36,190391,191018,60,167,initial_hold
rise_1,fit,left,forward,37,190401,191018,60,175,initial_hold
rise_1,fit,left,forward,38,190411,191018,60,182,initial_hold
rise_1,fit,left,forward,39,190421,191018,60,190,initial_hold
rise_1,fit,left,forward,40,190431,191018,60,198,initial_hold
rise_1,fit,left,forward,41,190441,191018,60,205,initial_hold
rise_1,fit,left,forward,42,190451,191018,60,212,initial_hold
rise_1,fit,left,forward,43,190461,191018,60,220,initial_hold
rise_1,fit,left,forward,44,190471,191018,60,227,initial_hold
rise_1,fit,left,forward,45,190481,191018,60,235,initial_hold
rise_1,fit,left,forward,46,190491,191018,60,242,initial_hold
rise_1,fit,left,forward,47,190501,191018,60,250,initial_hold
rise_1,fit,left,forward,48,190511,191018,60,258,initial_hold
rise_1,fit,left,forward,49,190521,191018,60,265,initial_hold
rise_1,fit,left,forward,50,190531,191018,60,272,initial_hold
rise_1,fit,left,forward,51,190541,191018,60,280,initial_hold
rise_1,fit,left,forward,52,190551,191018,60,287,initial_hold
rise_1,fit,left,forward,53,190561,191018,60,295,initial_hold
rise_1,fit,left,forward,54,190571,191018,60,302,initial_hold
rise_1,fit,left,forward,55,190581,191018,60,310,initial_hold
rise_1,fit,left,forward,56,190591,191018,60,318,initial_hold
rise_1,fit,left,forward,57,190601,191018,60,325,initial_hold
rise_1,fit,left,forward,58,190611,191018,60,333,initial_hold
rise_1,fit,left,forward,59,190621,191018,60,340,initial_hold
rise_1,fit,left,forward,60,190631,191018,60,348,initial_hold
rise_1,fit,left,forward,61,190641,191018,60,356,initial_hold
rise_1,fit,left,forward,62,190651,191018,60,364,initial_hold
rise_1,fit,left,forward,63,190661,191018,60,371,initial_hold
rise_1,fit,left,forward,64,190671,191018,60,379,initial_hold
rise_1,fit,left,forward,65,190681,191018,60,387,initial_hold
rise_1,fit,left,forward,66,190691,191018,60,394,initial_hold
rise_1,fit,left,forward,67,190701,191018,60,402,initial_hold
rise_1,fit,left,forward,68,190711,191018,60,410,initial_hold
rise_1,fit,left,forward,69,190721,191018,60,417,initial_hold
rise_1,fit,left,forward,70,190731,191018,60,425,initial_hold
rise_1,fit,left,forward,71,190741,191018,60,433,initial_hold
rise_1,fit,left,forward,72,190751,191018,60,440,initial_hold
rise_1,fit,left,forward,73,190761,191018,60,448,initial_hold
rise_1,fit,left,forward,74,190771,191018,60,456,initial_hold
rise_1,fit,left,forward,75,190781,191018,60,463,initial_hold
rise_1,fit,left,forward,76,190791,191018,60,471,initial_hold
rise_1,fit,left,forward,77,190801,191018,60,479,initial_hold
rise_1,fit,left,forward,78,190811,191018,60,486,initial_hold
rise_1,fit,left,forward,79,190821,191018,60,494,initial_hold
rise_1,fit,left,forward,80,190831,191018,60,502,initial_hold
rise_1,fit,left,forward,81,190841,191018,60,509,initial_hold
rise_1,fit,left,forward,82,190851,191018,60,517,initial_hold
rise_1,fit,left,forward,83,190861,191018,60,524,initial_hold
rise_1,fit,left,forward,84,190871,191018,60,532,initial_hold
rise_1,fit,left,forward,85,190881,191018,60,540,initial_hold
rise_1,fit,left,forward,86,190891,191018,60,548,initial_hold
rise_1,fit,left,forward,87,190901,191018,60,555,initial_hold
rise_1,fit,left,forward,88,190911,191018,60,563,initial_hold
rise_1,fit,left,forward,89,190921,191018,60,570,initial_hold
rise_1,fit,left,forward,90,190931,191018,60,578,initial_hold
rise_1,fit,left,forward,91,190941,191018,60,586,initial_hold
rise_1,fit,left,forward,92,190951,191018,60,594,initial_hold
rise_1,fit,left,forward,93,190961,191018,60,601,initial_hold
rise_1,fit,left,forward,94,190971,191018,60,609,initial_hold
rise_1,fit,left,forward,95,190981,191018,60,616,initial_hold
rise_1,fit,left,forward,96,190991,191018,60,624,initial_hold
rise_1,fit,left,forward,97,191001,191018,60,632,initial_hold
rise_1,fit,left,forward,98,191011,191018,60,640,initial_hold
rise_1,fit,left,forward,99,191021,191018,60,647,initial_hold
rise_1,fit,left,forward,100,191031,191018,140,655,transient
rise_1,fit,left,forward,101,191041,191018,140,663,transient
rise_1,fit,left,forward,102,191051,191018,140,670,transient
rise_1,fit,left,forward,103,191061,191018,140,678,transient
rise_1,fit,left,forward,104,191071,191018,140,686,transient
rise_1,fit,left,forward,105,191081,191018,140,695,transient
rise_1,fit,left,forward,106,191091,191018,140,704,transient
rise_1,fit,left,forward,107,191101,191018,140,714,transient
rise_1,fit,left,forward,108,191111,191018,140,725,transient
rise_1,fit,left,forward,109,191121,191018,140,736,transient
rise_1,fit,left,forward,110,191131,191018,140,748,transient
rise_1,fit,left,forward,111,191141,191018,140,761,transient
rise_1,fit,left,forward,112,191151,191018,140,775,transient
rise_1,fit,left,forward,113,191161,191018,140,789,transient
rise_1,fit,left,forward,114,191171,191018,140,804,transient
rise_1,fit,left,forward,115,191181,191018,140,819,transient
rise_1,fit,left,forward,116,191191,191018,140,835,transient
rise_1,fit,left,forward,117,191201,191018,140,851,transient
rise_1,fit,left,forward,118,191211,191018,140,868,transient
rise_1,fit,left,forward,119,191221,191018,140,884,transient
rise_1,fit,left,forward,120,191231,191018,140,902,transient
rise_1,fit,left,forward,121,191241,191018,140,919,transient
rise_1,fit,left,forward,122,191251,191018,140,937,transient
rise_1,fit,left,forward,123,191261,191018,140,954,transient
rise_1,fit,left,forward,124,191271,191018,140,972,transient
rise_1,fit,left,forward,125,191281,191018,140,990,transient
rise_1,fit,left,forward,126,191291,191018,140,1008,transient
rise_1,fit,left,forward,127,191301,191018,140,1027,transient
rise_1,fit,left,forward,128,191311,191018,140,1045,transient
rise_1,fit,left,forward,129,191321,191018,140,1063,transient
rise_1,fit,left,forward,130,191331,191018,140,1082,transient
rise_1,fit,left,forward,131,191341,191018,140,1100,transient
rise_1,fit,left,forward,132,191351,191018,140,1119,transient
rise_1,fit,left,forward,133,191361,191018,140,1138,transient
rise_1,fit,left,forward,134,191371,191018,140,1156,transient
rise_1,fit,left,forward,135,191381,191018,140,1175,transient
rise_1,fit,left,forward,136,191391,191018,140,1194,transient
rise_1,fit,left,forward,137,191401,191018,140,1212,transient
rise_1,fit,left,forward,138,191411,191018,140,1231,transient
rise_1,fit,left,forward,139,191421,191018,140,1250,transient
rise_1,fit,left,forward,140,191431,191018,140,1269,transient
rise_1,fit,left,forward,141,191441,191018,140,1287,transient
rise_1,fit,left,forward,142,191451,191018,140,1307,transient
rise_1,fit,left,forward,143,191461,191018,140,1325,transient
rise_1,fit,left,forward,144,191471,191018,140,1344,transient
rise_1,fit,left,forward,145,191481,191018,140,1363,transient
rise_1,fit,left,forward,146,191491,191018,140,1382,transient
rise_1,fit,left,forward,147,191501,191018,140,1400,transient
rise_1,fit,left,forward,148,191511,191018,140,1419,transient
rise_1,fit,left,forward,149,191521,191018,140,1438,transient
rise_1,fit,left,forward,150,191531,191018,140,1457,transient
rise_1,fit,left,forward,151,191541,191018,140,1476,transient
rise_1,fit,left,forward,152,191551,191018,140,1495,transient
rise_1,fit,left,forward,153,191561,191018,140,1514,transient
rise_1,fit,left,forward,154,191571,191018,140,1533,transient
rise_1,fit,left,forward,155,191581,191018,140,1552,transient
rise_1,fit,left,forward,156,191591,191018,140,1571,transient
rise_1,fit,left,forward,157,191601,191018,140,1590,transient
rise_1,fit,left,forward,158,191611,191018,140,1609,transient
rise_1,fit,left,forward,159,191621,191018,140,1627,transient
rise_1,fit,left,forward,160,191631,191018,140,1646,transient
rise_1,fit,left,forward,161,191641,191018,140,1665,transient
rise_1,fit,left,forward,162,191651,191018,140,1684,transient
rise_1,fit,left,forward,163,191661,191018,140,1703,transient
rise_1,fit,left,forward,164,191671,191018,140,1722,transient
rise_1,fit,left,forward,165,191681,191018,140,1741,transient
rise_1,fit,left,forward,166,191691,191018,140,1760,transient
rise_1,fit,left,forward,167,191701,191018,140,1779,transient
rise_1,fit,left,forward,168,191711,191018,140,1798,transient
rise_1,fit,left,forward,169,191721,191018,140,1817,transient
rise_1,fit,left,forward,170,191731,191018,140,1836,transient
rise_1,fit,left,forward,171,191741,191018,140,1854,transient
rise_1,fit,left,forward,172,191751,191018,140,1874,transient
rise_1,fit,left,forward,173,191761,191018,140,1893,transient
rise_1,fit,left,forward,174,191771,191018,140,1911,transient
rise_1,fit,left,forward,175,191781,191018,140,1930,transient
rise_1,fit,left,forward,176,191791,191018,140,1949,transient
rise_1,fit,left,forward,177,191801,191018,140,1968,transient
rise_1,fit,left,forward,178,191811,191018,140,1987,transient
rise_1,fit,left,forward,179,191821,191018,140,2006,transient
rise_1,fit,left,forward,180,191831,191018,140,2025,transient
rise_1,fit,left,forward,181,191841,191018,140,2044,transient
rise_1,fit,left,forward,182,191851,191018,140,2063,transient
rise_1,fit,left,forward,183,191861,191018,140,2082,transient
rise_1,fit,left,forward,184,191871,191018,140,2100,transient
rise_1,fit,left,forward,185,191881,191018,140,2119,transient
rise_1,fit,left,forward,186,191891,191018,140,2138,transient
rise_1,fit,left,forward,187,191901,191018,140,2157,transient
rise_1,fit,left,forward,188,191911,191018,140,2176,transient
rise_1,fit,left,forward,189,191921,191018,140,2195,transient
rise_1,fit,left,forward,190,191931,191018,140,2214,transient
rise_1,fit,left,forward,191,191941,191018,140,2233,transient
rise_1,fit,left,forward,192,191951,191018,140,2252,transient
rise_1,fit,left,forward,193,191961,191018,140,2271,transient
rise_1,fit,left,forward,194,191971,191018,140,2290,transient
rise_1,fit,left,forward,195,191981,191018,140,2308,transient
rise_1,fit,left,forward,196,191991,191018,140,2327,transient
rise_1,fit,left,forward,197,192001,191018,140,2346,transient
rise_1,fit,left,forward,198,192011,191018,140,2365,transient
rise_1,fit,left,forward,199,192021,191018,140,2384,transient
rise_1,fit,left,forward,200,192031,191018,140,2403,transient
rise_1,fit,left,forward,201,192041,191018,140,2422,transient
rise_1,fit,left,forward,202,192051,191018,140,2441,transient
rise_1,fit,left,forward,203,192061,191018,140,2460,transient
rise_1,fit,left,forward,204,192071,191018,140,2479,transient
rise_1,fit,left,forward,205,192081,191018,140,2498,transient
rise_1,fit,left,forward,206,192091,191018,140,2516,transient
rise_1,fit,left,forward,207,192101,191018,140,2535,transient
rise_1,fit,left,forward,208,192111,191018,140,2554,transient
rise_1,fit,left,forward,209,192121,191018,140,2573,transient
rise_1,fit,left,forward,210,192131,191018,140,2592,transient
rise_1,fit,left,forward,211,192141,191018,140,2611,transient
rise_1,fit,left,forward,212,192151,191018,140,2630,transient
rise_1,fit,left,forward,213,192161,191018,140,2649,transient
rise_1,fit,left,forward,214,192171,191018,140,2668,transient
rise_1,fit,left,forward,215,192181,191018,140,2687,transient
rise_1,fit,left,forward,216,192191,191018,140,2705,transient
rise_1,fit,left,forward,217,192201,191018,140,2724,transient
rise_1,fit,left,forward,218,192211,191018,140,2743,transient
rise_1,fit,left,forward,219,192221,191018,140,2762,transient
rise_1,fit,left,forward,220,192231,191018,140,2781,transient
rise_1,fit,left,forward,221,192241,191018,140,2800,transient
rise_1,fit,left,forward,222,192251,191018,140,2819,transient
rise_1,fit,left,forward,223,192261,191018,140,2838,transient
rise_1,fit,left,forward,224,192271,191018,140,2857,transient
rise_1,fit,left,forward,225,192281,191018,140,2875,transient
rise_1,fit,left,forward,226,192291,191018,140,2894,transient
rise_1,fit,left,forward,227,192301,191018,140,2913,transient
rise_1,fit,left,forward,228,192311,191018,140,2932,transient
rise_1,fit,left,forward,229,192321,191018,140,2951,transient
rise_1,fit,left,forward,230,192331,191018,140,2970,transient
rise_1,fit,left,forward,231,192341,191018,140,2989,transient
rise_1,fit,left,forward,232,192351,191018,140,3007,transient
rise_1,fit,left,forward,233,192361,191018,140,3026,transient
rise_1,fit,left,forward,234,192371,191018,140,3045,transient
rise_1,fit,left,forward,235,192381,191018,140,3064,transient
rise_1,fit,left,forward,236,192391,191018,140,3083,transient
rise_1,fit,left,forward,237,192401,191018,140,3102,transient
rise_1,fit,left,forward,238,192411,191018,140,3121,transient
rise_1,fit,left,forward,239,192421,191018,140,3139,transient
rise_1,fit,left,forward,240,192431,191018,140,3158,final_hold
rise_1,fit,left,forward,241,192441,191018,140,3177,final_hold
rise_1,fit,left,forward,242,192451,191018,140,3196,final_hold
rise_1,fit,left,forward,243,192461,191018,140,3215,final_hold
rise_1,fit,left,forward,244,192471,191018,140,3234,final_hold
rise_1,fit,left,forward,245,192481,191018,140,3253,final_hold
rise_1,fit,left,forward,246,192491,191018,140,3272,final_hold
rise_1,fit,left,forward,247,192501,191018,140,3290,final_hold
rise_1,fit,left,forward,248,192511,191018,140,3309,final_hold
rise_1,fit,left,forward,249,192521,191018,140,3328,final_hold
rise_1,fit,left,forward,250,192531,191018,140,3347,final_hold
rise_1,fit,left,forward,251,192541,191018,140,3366,final_hold
rise_1,fit,left,forward,252,192551,191018,140,3385,final_hold
rise_1,fit,left,forward,253,192561,191018,140,3404,final_hold
rise_1,fit,left,forward,254,192571,191018,140,3422,final_hold
rise_1,fit,left,forward,255,192581,191018,140,3442,final_hold
rise_1,fit,left,forward,256,192591,191018,140,3460,final_hold
rise_1,fit,left,forward,257,192601,191018,140,3479,final_hold
rise_1,fit,left,forward,258,192611,191018,140,3498,final_hold
rise_1,fit,left,forward,259,192621,191018,140,3516,final_hold
rise_1,fit,left,forward,260,192631,191018,140,3535,final_hold
rise_1,fit,left,forward,261,192641,191018,140,3554,final_hold
rise_1,fit,left,forward,262,192651,191018,140,3573,final_hold
rise_1,fit,left,forward,263,192661,191018,140,3592,final_hold
rise_1,fit,left,forward,264,192671,191018,140,3611,final_hold
rise_1,fit,left,forward,265,192681,191018,140,3630,final_hold
rise_1,fit,left,forward,266,192691,191018,140,3648,final_hold
rise_1,fit,left,forward,267,192701,191018,140,3667,final_hold
rise_1,fit,left,forward,268,192711,191018,140,3686,final_hold
rise_1,fit,left,forward,269,192721,191018,140,3705,final_hold
rise_1,fit,left,forward,270,192731,191018,140,3724,final_hold
rise_1,fit,left,forward,271,192741,191018,140,3743,final_hold
rise_1,fit,left,forward,272,192751,191018,140,3762,final_hold
rise_1,fit,left,forward,273,192761,191018,140,3780,final_hold
rise_1,fit,left,forward,274,192771,191018,140,3799,final_hold
rise_1,fit,left,forward,275,192781,191018,140,3819,final_hold
rise_1,fit,left,forward,276,192791,191018,140,3837,final_hold
rise_1,fit,left,forward,277,192801,191018,140,3856,final_hold
rise_1,fit,left,forward,278,192811,191018,140,3874,final_hold
rise_1,fit,left,forward,279,192821,191018,140,3893,final_hold
rise_1,fit,left,forward,280,192831,191018,140,3912,final_hold
rise_1,fit,left,forward,281,192841,191018,140,3931,final_hold
rise_1,fit,left,forward,282,192851,191018,140,3950,final_hold
rise_1,fit,left,forward,283,192861,191018,140,3969,final_hold
rise_1,fit,left,forward,284,192871,191018,140,3987,final_hold
rise_1,fit,left,forward,285,192881,191018,140,4006,final_hold
rise_1,fit,left,forward,286,192891,191018,140,4026,final_hold
rise_1,fit,left,forward,287,192901,191018,140,4044,final_hold
rise_1,fit,left,forward,288,192911,191018,140,4063,final_hold
rise_1,fit,left,forward,289,192921,191018,140,4082,final_hold
rise_1,fit,left,forward,290,192931,191018,140,4101,final_hold
rise_1,fit,left,forward,291,192941,191018,140,4119,final_hold
rise_1,fit,left,forward,292,192951,191018,140,4138,final_hold
rise_1,fit,left,forward,293,192961,191018,140,4157,final_hold
rise_1,fit,left,forward,294,192971,191018,140,4176,final_hold
rise_1,fit,left,forward,295,192981,191018,140,4195,final_hold
rise_1,fit,left,forward,296,192991,191018,140,4214,final_hold
rise_1,fit,left,forward,297,193001,191018,140,4232,final_hold
rise_1,fit,left,forward,298,193011,191018,140,4251,final_hold
rise_1,fit,left,forward,299,193021,191018,140,4270,final_hold
rise_1,fit,left,forward,300,193031,191018,140,4289,final_hold
rise_1,fit,left,forward,301,193041,191018,140,4308,final_hold
rise_1,fit,left,forward,302,193051,191018,140,4327,final_hold
rise_1,fit,left,forward,303,193061,191018,140,4346,final_hold
rise_1,fit,left,forward,304,193071,191018,140,4364,final_hold
rise_1,fit,left,forward,305,193081,191018,140,4383,final_hold
rise_1,fit,left,forward,306,193091,191018,140,4403,final_hold
rise_1,fit,left,forward,307,193101,191018,140,4421,final_hold
rise_1,fit,left,forward,308,193111,191018,140,4440,final_hold
rise_1,fit,left,forward,309,193121,191018,140,4459,final_hold
rise_1,fit,left,forward,310,193131,191018,140,4478,final_hold
rise_1,fit,left,forward,311,193141,191018,140,4496,final_hold
rise_1,fit,left,forward,312,193151,191018,140,4515,final_hold
rise_1,fit,left,forward,313,193161,191018,140,4534,final_hold
rise_1,fit,left,forward,314,193171,191018,140,4553,final_hold
rise_1,fit,left,forward,315,193181,191018,140,4572,final_hold
rise_1,fit,left,forward,316,193191,191018,140,4591,final_hold
rise_1,fit,left,forward,317,193201,191018,140,4610,final_hold
rise_1,fit,left,forward,318,193211,191018,140,4628,final_hold
rise_1,fit,left,forward,319,193221,191018,140,4647,final_hold
rise_1,fit,left,forward,320,193231,191018,140,4666,final_hold
rise_1,fit,left,forward,321,193241,191018,140,4685,final_hold
rise_1,fit,left,forward,322,193251,191018,140,4704,final_hold
rise_1,fit,left,forward,323,193261,191018,140,4722,final_hold
rise_1,fit,left,forward,324,193271,191018,140,4741,final_hold
rise_1,fit,left,forward,325,193281,191018,140,4760,final_hold
rise_1,fit,left,forward,326,193291,191018,140,4779,final_hold
rise_1,fit,left,forward,327,193301,191018,140,4798,final_hold
rise_1,fit,left,forward,328,193311,191018,140,4817,final_hold
rise_1,fit,left,forward,329,193321,191018,140,4836,final_hold
rise_1,fit,left,forward,330,193331,191018,140,4854,final_hold
rise_1,fit,left,forward,331,193341,191018,140,4873,final_hold
rise_1,fit,left,forward,332,193351,191018,140,4892,final_hold
rise_1,fit,left,forward,333,193361,191018,140,4911,final_hold
rise_1,fit,left,forward,334,193371,191018,140,4930,final_hold
rise_1,fit,left,forward,335,193381,191018,140,4948,final_hold
rise_1,fit,left,forward,336,193391,191018,140,4967,final_hold
rise_1,fit,left,forward,337,193401,191018,140,4987,final_hold
rise_1,fit,left,forward,338,193411,191018,140,5005,final_hold
rise_1,fit,left,forward,339,193421,191018,140,5024,final_hold
rise_2,fit,left,forward,0,194431,195421,60,5314,initial_hold
rise_2,fit,left,forward,1,194441,195421,60,5314,initial_hold
rise_2,fit,left,forward,2,194451,195421,60,5314,initial_hold
rise_2,fit,left,forward,3,194461,195421,60,5314,initial_hold
rise_2,fit,left,forward,4,194471,195421,60,5314,initial_hold
rise_2,fit,left,forward,5,194481,195421,60,5314,initial_hold
rise_2,fit,left,forward,6,194491,195421,60,5314,initial_hold
rise_2,fit,left,forward,7,194501,195421,60,5314,initial_hold
rise_2,fit,left,forward,8,194511,195421,60,5314,initial_hold
rise_2,fit,left,forward,9,194521,195421,60,5314,initial_hold
rise_2,fit,left,forward,10,194531,195421,60,5315,initial_hold
rise_2,fit,left,forward,11,194541,195421,60,5316,initial_hold
rise_2,fit,left,forward,12,194551,195421,60,5318,initial_hold
rise_2,fit,left,forward,13,194561,195421,60,5322,initial_hold
rise_2,fit,left,forward,14,194571,195421,60,5326,initial_hold
rise_2,fit,left,forward,15,194581,195421,60,5331,initial_hold
rise_2,fit,left,forward,16,194591,195421,60,5336,initial_hold
rise_2,fit,left,forward,17,194601,195421,60,5342,initial_hold
rise_2,fit,left,forward,18,194611,195421,60,5348,initial_hold
rise_2,fit,left,forward,19,194621,195421,60,5354,initial_hold
rise_2,fit,left,forward,20,194631,195421,60,5360,initial_hold
rise_2,fit,left,forward,21,194641,195421,60,5367,initial_hold
rise_2,fit,left,forward,22,194651,195421,60,5374,initial_hold
rise_2,fit,left,forward,23,194661,195421,60,5380,initial_hold
rise_2,fit,left,forward,24,194671,195421,60,5387,initial_hold
rise_2,fit,left,forward,25,194681,195421,60,5394,initial_hold
rise_2,fit,left,forward,26,194691,195421,60,5401,initial_hold
rise_2,fit,left,forward,27,194701,195421,60,5408,initial_hold
rise_2,fit,left,forward,28,194711,195421,60,5416,initial_hold
rise_2,fit,left,forward,29,194721,195421,60,5423,initial_hold
rise_2,fit,left,forward,30,194731,195421,60,5430,initial_hold
rise_2,fit,left,forward,31,194741,195421,60,5438,initial_hold
rise_2,fit,left,forward,32,194751,195421,60,5445,initial_hold
rise_2,fit,left,forward,33,194761,195421,60,5452,initial_hold
rise_2,fit,left,forward,34,194771,195421,60,5460,initial_hold
rise_2,fit,left,forward,35,194781,195421,60,5467,initial_hold
rise_2,fit,left,forward,36,194791,195421,60,5475,initial_hold
rise_2,fit,left,forward,37,194801,195421,60,5482,initial_hold
rise_2,fit,left,forward,38,194811,195421,60,5490,initial_hold
rise_2,fit,left,forward,39,194821,195421,60,5497,initial_hold
rise_2,fit,left,forward,40,194831,195421,60,5504,initial_hold
rise_2,fit,left,forward,41,194841,195421,60,5512,initial_hold
rise_2,fit,left,forward,42,194851,195421,60,5519,initial_hold
rise_2,fit,left,forward,43,194861,195421,60,5527,initial_hold
rise_2,fit,left,forward,44,194871,195421,60,5534,initial_hold
rise_2,fit,left,forward,45,194881,195421,60,5542,initial_hold
rise_2,fit,left,forward,46,194891,195421,60,5549,initial_hold
rise_2,fit,left,forward,47,194901,195421,60,5556,initial_hold
rise_2,fit,left,forward,48,194911,195421,60,5564,initial_hold
rise_2,fit,left,forward,49,194921,195421,60,5571,initial_hold
rise_2,fit,left,forward,50,194931,195421,60,5579,initial_hold
rise_2,fit,left,forward,51,194941,195421,60,5586,initial_hold
rise_2,fit,left,forward,52,194951,195421,60,5594,initial_hold
rise_2,fit,left,forward,53,194961,195421,60,5601,initial_hold
rise_2,fit,left,forward,54,194971,195421,60,5609,initial_hold
rise_2,fit,left,forward,55,194981,195421,60,5616,initial_hold
rise_2,fit,left,forward,56,194991,195421,60,5624,initial_hold
rise_2,fit,left,forward,57,195001,195421,60,5631,initial_hold
rise_2,fit,left,forward,58,195011,195421,60,5639,initial_hold
rise_2,fit,left,forward,59,195021,195421,60,5647,initial_hold
rise_2,fit,left,forward,60,195031,195421,60,5654,initial_hold
rise_2,fit,left,forward,61,195041,195421,60,5662,initial_hold
rise_2,fit,left,forward,62,195051,195421,60,5670,initial_hold
rise_2,fit,left,forward,63,195061,195421,60,5677,initial_hold
rise_2,fit,left,forward,64,195071,195421,60,5685,initial_hold
rise_2,fit,left,forward,65,195081,195421,60,5692,initial_hold
rise_2,fit,left,forward,66,195091,195421,60,5700,initial_hold
rise_2,fit,left,forward,67,195101,195421,60,5707,initial_hold
rise_2,fit,left,forward,68,195111,195421,60,5715,initial_hold
rise_2,fit,left,forward,69,195121,195421,60,5723,initial_hold
rise_2,fit,left,forward,70,195131,195421,60,5730,initial_hold
rise_2,fit,left,forward,71,195141,195421,60,5738,initial_hold
rise_2,fit,left,forward,72,195151,195421,60,5745,initial_hold
rise_2,fit,left,forward,73,195161,195421,60,5753,initial_hold
rise_2,fit,left,forward,74,195171,195421,60,5760,initial_hold
rise_2,fit,left,forward,75,195181,195421,60,5768,initial_hold
rise_2,fit,left,forward,76,195191,195421,60,5776,initial_hold
rise_2,fit,left,forward,77,195201,195421,60,5783,initial_hold
rise_2,fit,left,forward,78,195211,195421,60,5791,initial_hold
rise_2,fit,left,forward,79,195221,195421,60,5798,initial_hold
rise_2,fit,left,forward,80,195231,195421,60,5806,initial_hold
rise_2,fit,left,forward,81,195241,195421,60,5814,initial_hold
rise_2,fit,left,forward,82,195251,195421,60,5821,initial_hold
rise_2,fit,left,forward,83,195261,195421,60,5829,initial_hold
rise_2,fit,left,forward,84,195271,195421,60,5836,initial_hold
rise_2,fit,left,forward,85,195281,195421,60,5844,initial_hold
rise_2,fit,left,forward,86,195291,195421,60,5852,initial_hold
rise_2,fit,left,forward,87,195301,195421,60,5859,initial_hold
rise_2,fit,left,forward,88,195311,195421,60,5867,initial_hold
rise_2,fit,left,forward,89,195321,195421,60,5874,initial_hold
rise_2,fit,left,forward,90,195331,195421,60,5882,initial_hold
rise_2,fit,left,forward,91,195341,195421,60,5890,initial_hold
rise_2,fit,left,forward,92,195351,195421,60,5897,initial_hold
rise_2,fit,left,forward,93,195361,195421,60,5905,initial_hold
rise_2,fit,left,forward,94,195371,195421,60,5912,initial_hold
rise_2,fit,left,forward,95,195381,195421,60,5920,initial_hold
rise_2,fit,left,forward,96,195391,195421,60,5927,initial_hold
rise_2,fit,left,forward,97,195401,195421,60,5935,initial_hold
rise_2,fit,left,forward,98,195411,195421,60,5942,initial_hold
rise_2,fit,left,forward,99,195421,195421,60,5950,initial_hold
rise_2,fit,left,forward,100,195431,195421,140,5958,transient
rise_2,fit,left,forward,101,195441,195421,140,5965,transient
rise_2,fit,left,forward,102,195451,195421,140,5973,transient
rise_2,fit,left,forward,103,195461,195421,140,5981,transient
rise_2,fit,left,forward,104,195471,195421,140,5989,transient
rise_2,fit,left,forward,105,195481,195421,140,5997,transient
rise_2,fit,left,forward,106,195491,195421,140,6006,transient
rise_2,fit,left,forward,107,195501,195421,140,6016,transient
rise_2,fit,left,forward,108,195511,195421,140,6026,transient
rise_2,fit,left,forward,109,195521,195421,140,6037,transient
rise_2,fit,left,forward,110,195531,195421,140,6049,transient
rise_2,fit,left,forward,111,195541,195421,140,6061,transient
rise_2,fit,left,forward,112,195551,195421,140,6075,transient
rise_2,fit,left,forward,113,195561,195421,140,6089,transient
rise_2,fit,left,forward,114,195571,195421,140,6103,transient
rise_2,fit,left,forward,115,195581,195421,140,6119,transient
rise_2,fit,left,forward,116,195591,195421,140,6134,transient
rise_2,fit,left,forward,117,195601,195421,140,6150,transient
rise_2,fit,left,forward,118,195611,195421,140,6167,transient
rise_2,fit,left,forward,119,195621,195421,140,6183,transient
rise_2,fit,left,forward,120,195631,195421,140,6200,transient
rise_2,fit,left,forward,121,195641,195421,140,6218,transient
rise_2,fit,left,forward,122,195651,195421,140,6235,transient
rise_2,fit,left,forward,123,195661,195421,140,6253,transient
rise_2,fit,left,forward,124,195671,195421,140,6270,transient
rise_2,fit,left,forward,125,195681,195421,140,6288,transient
rise_2,fit,left,forward,126,195691,195421,140,6306,transient
rise_2,fit,left,forward,127,195701,195421,140,6324,transient
rise_2,fit,left,forward,128,195711,195421,140,6343,transient
rise_2,fit,left,forward,129,195721,195421,140,6361,transient
rise_2,fit,left,forward,130,195731,195421,140,6379,transient
rise_2,fit,left,forward,131,195741,195421,140,6398,transient
rise_2,fit,left,forward,132,195751,195421,140,6416,transient
rise_2,fit,left,forward,133,195761,195421,140,6435,transient
rise_2,fit,left,forward,134,195771,195421,140,6453,transient
rise_2,fit,left,forward,135,195781,195421,140,6472,transient
rise_2,fit,left,forward,136,195791,195421,140,6490,transient
rise_2,fit,left,forward,137,195801,195421,140,6509,transient
rise_2,fit,left,forward,138,195811,195421,140,6528,transient
rise_2,fit,left,forward,139,195821,195421,140,6546,transient
rise_2,fit,left,forward,140,195831,195421,140,6565,transient
rise_2,fit,left,forward,141,195841,195421,140,6584,transient
rise_2,fit,left,forward,142,195851,195421,140,6602,transient
rise_2,fit,left,forward,143,195861,195421,140,6621,transient
rise_2,fit,left,forward,144,195871,195421,140,6640,transient
rise_2,fit,left,forward,145,195881,195421,140,6658,transient
rise_2,fit,left,forward,146,195891,195421,140,6677,transient
rise_2,fit,left,forward,147,195901,195421,140,6696,transient
rise_2,fit,left,forward,148,195911,195421,140,6714,transient
rise_2,fit,left,forward,149,195921,195421,140,6733,transient
rise_2,fit,left,forward,150,195931,195421,140,6752,transient
rise_2,fit,left,forward,151,195941,195421,140,6771,transient
rise_2,fit,left,forward,152,195951,195421,140,6789,transient
rise_2,fit,left,forward,153,195961,195421,140,6808,transient
rise_2,fit,left,forward,154,195971,195421,140,6827,transient
rise_2,fit,left,forward,155,195981,195421,140,6846,transient
rise_2,fit,left,forward,156,195991,195421,140,6864,transient
rise_2,fit,left,forward,157,196001,195421,140,6883,transient
rise_2,fit,left,forward,158,196011,195421,140,6902,transient
rise_2,fit,left,forward,159,196021,195421,140,6921,transient
rise_2,fit,left,forward,160,196031,195421,140,6940,transient
rise_2,fit,left,forward,161,196041,195421,140,6958,transient
rise_2,fit,left,forward,162,196051,195421,140,6977,transient
rise_2,fit,left,forward,163,196061,195421,140,6996,transient
rise_2,fit,left,forward,164,196071,195421,140,7015,transient
rise_2,fit,left,forward,165,196081,195421,140,7034,transient
rise_2,fit,left,forward,166,196091,195421,140,7052,transient
rise_2,fit,left,forward,167,196102,195421,140,7074,transient
rise_2,fit,left,forward,168,196112,195421,140,7092,transient
rise_2,fit,left,forward,169,196122,195421,140,7111,transient
rise_2,fit,left,forward,170,196132,195421,140,7129,transient
rise_2,fit,left,forward,171,196142,195421,140,7148,transient
rise_2,fit,left,forward,172,196152,195421,140,7167,transient
rise_2,fit,left,forward,173,196162,195421,140,7186,transient
rise_2,fit,left,forward,174,196172,195421,140,7205,transient
rise_2,fit,left,forward,175,196182,195421,140,7223,transient
rise_2,fit,left,forward,176,196192,195421,140,7242,transient
rise_2,fit,left,forward,177,196202,195421,140,7261,transient
rise_2,fit,left,forward,178,196212,195421,140,7280,transient
rise_2,fit,left,forward,179,196222,195421,140,7299,transient
rise_2,fit,left,forward,180,196232,195421,140,7317,transient
rise_2,fit,left,forward,181,196242,195421,140,7336,transient
rise_2,fit,left,forward,182,196252,195421,140,7355,transient
rise_2,fit,left,forward,183,196262,195421,140,7374,transient
rise_2,fit,left,forward,184,196272,195421,140,7392,transient
rise_2,fit,left,forward,185,196282,195421,140,7411,transient
rise_2,fit,left,forward,186,196292,195421,140,7430,transient
rise_2,fit,left,forward,187,196302,195421,140,7449,transient
rise_2,fit,left,forward,188,196312,195421,140,7467,transient
rise_2,fit,left,forward,189,196322,195421,140,7486,transient
rise_2,fit,left,forward,190,196332,195421,140,7505,transient
rise_2,fit,left,forward,191,196342,195421,140,7524,transient
rise_2,fit,left,forward,192,196352,195421,140,7542,transient
rise_2,fit,left,forward,193,196362,195421,140,7561,transient
rise_2,fit,left,forward,194,196372,195421,140,7580,transient
rise_2,fit,left,forward,195,196382,195421,140,7599,transient
rise_2,fit,left,forward,196,196392,195421,140,7618,transient
rise_2,fit,left,forward,197,196402,195421,140,7636,transient
rise_2,fit,left,forward,198,196412,195421,140,7655,transient
rise_2,fit,left,forward,199,196422,195421,140,7674,transient
rise_2,fit,left,forward,200,196432,195421,140,7693,transient
rise_2,fit,left,forward,201,196442,195421,140,7712,transient
rise_2,fit,left,forward,202,196452,195421,140,7730,transient
rise_2,fit,left,forward,203,196462,195421,140,7749,transient
rise_2,fit,left,forward,204,196472,195421,140,7768,transient
rise_2,fit,left,forward,205,196482,195421,140,7787,transient
rise_2,fit,left,forward,206,196492,195421,140,7805,transient
rise_2,fit,left,forward,207,196502,195421,140,7824,transient
rise_2,fit,left,forward,208,196512,195421,140,7843,transient
rise_2,fit,left,forward,209,196522,195421,140,7862,transient
rise_2,fit,left,forward,210,196532,195421,140,7880,transient
rise_2,fit,left,forward,211,196542,195421,140,7899,transient
rise_2,fit,left,forward,212,196552,195421,140,7918,transient
rise_2,fit,left,forward,213,196562,195421,140,7937,transient
rise_2,fit,left,forward,214,196572,195421,140,7956,transient
rise_2,fit,left,forward,215,196582,195421,140,7974,transient
rise_2,fit,left,forward,216,196592,195421,140,7993,transient
rise_2,fit,left,forward,217,196602,195421,140,8012,transient
rise_2,fit,left,forward,218,196612,195421,140,8031,transient
rise_2,fit,left,forward,219,196622,195421,140,8050,transient
rise_2,fit,left,forward,220,196632,195421,140,8068,transient
rise_2,fit,left,forward,221,196642,195421,140,8087,transient
rise_2,fit,left,forward,222,196652,195421,140,8106,transient
rise_2,fit,left,forward,223,196662,195421,140,8124,transient
rise_2,fit,left,forward,224,196672,195421,140,8144,transient
rise_2,fit,left,forward,225,196682,195421,140,8162,transient
rise_2,fit,left,forward,226,196692,195421,140,8181,transient
rise_2,fit,left,forward,227,196702,195421,140,8200,transient
rise_2,fit,left,forward,228,196712,195421,140,8218,transient
rise_2,fit,left,forward,229,196722,195421,140,8237,transient
rise_2,fit,left,forward,230,196732,195421,140,8256,transient
rise_2,fit,left,forward,231,196742,195421,140,8275,transient
rise_2,fit,left,forward,232,196752,195421,140,8294,transient
rise_2,fit,left,forward,233,196762,195421,140,8312,transient
rise_2,fit,left,forward,234,196772,195421,140,8331,transient
rise_2,fit,left,forward,235,196782,195421,140,8350,transient
rise_2,fit,left,forward,236,196792,195421,140,8368,transient
rise_2,fit,left,forward,237,196802,195421,140,8387,transient
rise_2,fit,left,forward,238,196812,195421,140,8406,transient
rise_2,fit,left,forward,239,196822,195421,140,8425,transient
rise_2,fit,left,forward,240,196832,195421,140,8444,final_hold
rise_2,fit,left,forward,241,196842,195421,140,8462,final_hold
rise_2,fit,left,forward,242,196852,195421,140,8481,final_hold
rise_2,fit,left,forward,243,196862,195421,140,8500,final_hold
rise_2,fit,left,forward,244,196872,195421,140,8519,final_hold
rise_2,fit,left,forward,245,196882,195421,140,8538,final_hold
rise_2,fit,left,forward,246,196892,195421,140,8556,final_hold
rise_2,fit,left,forward,247,196902,195421,140,8575,final_hold
rise_2,fit,left,forward,248,196912,195421,140,8594,final_hold
rise_2,fit,left,forward,249,196922,195421,140,8612,final_hold
rise_2,fit,left,forward,250,196932,195421,140,8631,final_hold
rise_2,fit,left,forward,251,196942,195421,140,8650,final_hold
rise_2,fit,left,forward,252,196952,195421,140,8669,final_hold
rise_2,fit,left,forward,253,196962,195421,140,8688,final_hold
rise_2,fit,left,forward,254,196972,195421,140,8706,final_hold
rise_2,fit,left,forward,255,196982,195421,140,8726,final_hold
rise_2,fit,left,forward,256,196992,195421,140,8744,final_hold
rise_2,fit,left,forward,257,197002,195421,140,8763,final_hold
rise_2,fit,left,forward,258,197012,195421,140,8782,final_hold
rise_2,fit,left,forward,259,197022,195421,140,8800,final_hold
rise_2,fit,left,forward,260,197032,195421,140,8819,final_hold
rise_2,fit,left,forward,261,197042,195421,140,8838,final_hold
rise_2,fit,left,forward,262,197052,195421,140,8857,final_hold
rise_2,fit,left,forward,263,197062,195421,140,8875,final_hold
rise_2,fit,left,forward,264,197072,195421,140,8894,final_hold
rise_2,fit,left,forward,265,197082,195421,140,8913,final_hold
rise_2,fit,left,forward,266,197092,195421,140,8932,final_hold
rise_2,fit,left,forward,267,197102,195421,140,8950,final_hold
rise_2,fit,left,forward,268,197112,195421,140,8969,final_hold
rise_2,fit,left,forward,269,197122,195421,140,8988,final_hold
rise_2,fit,left,forward,270,197132,195421,140,9007,final_hold
rise_2,fit,left,forward,271,197142,195421,140,9026,final_hold
rise_2,fit,left,forward,272,197152,195421,140,9044,final_hold
rise_2,fit,left,forward,273,197162,195421,140,9063,final_hold
rise_2,fit,left,forward,274,197172,195421,140,9082,final_hold
rise_2,fit,left,forward,275,197182,195421,140,9101,final_hold
rise_2,fit,left,forward,276,197192,195421,140,9120,final_hold
rise_2,fit,left,forward,277,197202,195421,140,9138,final_hold
rise_2,fit,left,forward,278,197212,195421,140,9157,final_hold
rise_2,fit,left,forward,279,197222,195421,140,9176,final_hold
rise_2,fit,left,forward,280,197232,195421,140,9194,final_hold
rise_2,fit,left,forward,281,197242,195421,140,9213,final_hold
rise_2,fit,left,forward,282,197252,195421,140,9232,final_hold
rise_2,fit,left,forward,283,197262,195421,140,9251,final_hold
rise_2,fit,left,forward,284,197272,195421,140,9270,final_hold
rise_2,fit,left,forward,285,197282,195421,140,9288,final_hold
rise_2,fit,left,forward,286,197292,195421,140,9307,final_hold
rise_2,fit,left,forward,287,197302,195421,140,9326,final_hold
rise_2,fit,left,forward,288,197312,195421,140,9345,final_hold
rise_2,fit,left,forward,289,197322,195421,140,9363,final_hold
rise_2,fit,left,forward,290,197332,195421,140,9382,final_hold
rise_2,fit,left,forward,291,197342,195421,140,9401,final_hold
rise_2,fit,left,forward,292,197352,195421,140,9420,final_hold
rise_2,fit,left,forward,293,197362,195421,140,9438,final_hold
rise_2,fit,left,forward,294,197372,195421,140,9457,final_hold
rise_2,fit,left,forward,295,197382,195421,140,9476,final_hold
rise_2,fit,left,forward,296,197392,195421,140,9495,final_hold
rise_2,fit,left,forward,297,197402,195421,140,9514,final_hold
rise_2,fit,left,forward,298,197412,195421,140,9532,final_hold
rise_2,fit,left,forward,299,197422,195421,140,9551,final_hold
rise_2,fit,left,forward,300,197432,195421,140,9570,final_hold
rise_2,fit,left,forward,301,197442,195421,140,9589,final_hold
rise_2,fit,left,forward,302,197452,195421,140,9607,final_hold
rise_2,fit,left,forward,303,197462,195421,140,9626,final_hold
rise_2,fit,left,forward,304,197472,195421,140,9645,final_hold
rise_2,fit,left,forward,305,197482,195421,140,9664,final_hold
rise_2,fit,left,forward,306,197492,195421,140,9683,final_hold
rise_2,fit,left,forward,307,197502,195421,140,9701,final_hold
rise_2,fit,left,forward,308,197512,195421,140,9720,final_hold
rise_2,fit,left,forward,309,197522,195421,140,9739,final_hold
rise_2,fit,left,forward,310,197532,195421,140,9758,final_hold
rise_2,fit,left,forward,311,197542,195421,140,9776,final_hold
rise_2,fit,left,forward,312,197552,195421,140,9795,final_hold
rise_2,fit,left,forward,313,197562,195421,140,9814,final_hold
rise_2,fit,left,forward,314,197572,195421,140,9832,final_hold
rise_2,fit,left,forward,315,197582,195421,140,9851,final_hold
rise_2,fit,left,forward,316,197592,195421,140,9870,final_hold
rise_2,fit,left,forward,317,197602,195421,140,9889,final_hold
rise_2,fit,left,forward,318,197612,195421,140,9908,final_hold
rise_2,fit,left,forward,319,197622,195421,140,9926,final_hold
rise_2,fit,left,forward,320,197632,195421,140,9945,final_hold
rise_2,fit,left,forward,321,197642,195421,140,9964,final_hold
rise_2,fit,left,forward,322,197652,195421,140,9983,final_hold
rise_2,fit,left,forward,323,197662,195421,140,10002,final_hold
rise_2,fit,left,forward,324,197672,195421,140,10020,final_hold
rise_2,fit,left,forward,325,197682,195421,140,10039,final_hold
rise_2,fit,left,forward,326,197692,195421,140,10058,final_hold
rise_2,fit,left,forward,327,197702,195421,140,10077,final_hold
rise_2,fit,left,forward,328,197712,195421,140,10095,final_hold
rise_2,fit,left,forward,329,197722,195421,140,10114,final_hold
rise_2,fit,left,forward,330,197732,195421,140,10133,final_hold
rise_2,fit,left,forward,331,197742,195421,140,10152,final_hold
rise_2,fit,left,forward,332,197752,195421,140,10170,final_hold
rise_2,fit,left,forward,333,197762,195421,140,10189,final_hold
rise_2,fit,left,forward,334,197772,195421,140,10208,final_hold
rise_2,fit,left,forward,335,197782,195421,140,10227,final_hold
rise_2,fit,left,forward,336,197792,195421,140,10245,final_hold
rise_2,fit,left,forward,337,197802,195421,140,10265,final_hold
rise_2,fit,left,forward,338,197812,195421,140,10283,final_hold
rise_2,fit,left,forward,339,197822,195421,140,10302,final_hold
rise_3,fit,left,forward,0,198833,199823,60,10586,initial_hold
rise_3,fit,left,forward,1,198843,199823,60,10586,initial_hold
rise_3,fit,left,forward,2,198853,199823,60,10586,initial_hold
rise_3,fit,left,forward,3,198863,199823,60,10586,initial_hold
rise_3,fit,left,forward,4,198873,199823,60,10586,initial_hold
rise_3,fit,left,forward,5,198883,199823,60,10586,initial_hold
rise_3,fit,left,forward,6,198893,199823,60,10586,initial_hold
rise_3,fit,left,forward,7,198903,199823,60,10586,initial_hold
rise_3,fit,left,forward,8,198913,199823,60,10586,initial_hold
rise_3,fit,left,forward,9,198923,199823,60,10586,initial_hold
rise_3,fit,left,forward,10,198933,199823,60,10586,initial_hold
rise_3,fit,left,forward,11,198943,199823,60,10586,initial_hold
rise_3,fit,left,forward,12,198953,199823,60,10587,initial_hold
rise_3,fit,left,forward,13,198963,199823,60,10590,initial_hold
rise_3,fit,left,forward,14,198973,199823,60,10593,initial_hold
rise_3,fit,left,forward,15,198983,199823,60,10598,initial_hold
rise_3,fit,left,forward,16,198993,199823,60,10602,initial_hold
rise_3,fit,left,forward,17,199003,199823,60,10608,initial_hold
rise_3,fit,left,forward,18,199013,199823,60,10614,initial_hold
rise_3,fit,left,forward,19,199023,199823,60,10620,initial_hold
rise_3,fit,left,forward,20,199033,199823,60,10626,initial_hold
rise_3,fit,left,forward,21,199043,199823,60,10632,initial_hold
rise_3,fit,left,forward,22,199053,199823,60,10639,initial_hold
rise_3,fit,left,forward,23,199063,199823,60,10645,initial_hold
rise_3,fit,left,forward,24,199073,199823,60,10652,initial_hold
rise_3,fit,left,forward,25,199083,199823,60,10659,initial_hold
rise_3,fit,left,forward,26,199093,199823,60,10666,initial_hold
rise_3,fit,left,forward,27,199103,199823,60,10673,initial_hold
rise_3,fit,left,forward,28,199113,199823,60,10680,initial_hold
rise_3,fit,left,forward,29,199123,199823,60,10687,initial_hold
rise_3,fit,left,forward,30,199133,199823,60,10694,initial_hold
rise_3,fit,left,forward,31,199143,199823,60,10702,initial_hold
rise_3,fit,left,forward,32,199153,199823,60,10709,initial_hold
rise_3,fit,left,forward,33,199163,199823,60,10716,initial_hold
rise_3,fit,left,forward,34,199173,199823,60,10724,initial_hold
rise_3,fit,left,forward,35,199183,199823,60,10731,initial_hold
rise_3,fit,left,forward,36,199193,199823,60,10738,initial_hold
rise_3,fit,left,forward,37,199203,199823,60,10746,initial_hold
rise_3,fit,left,forward,38,199213,199823,60,10753,initial_hold
rise_3,fit,left,forward,39,199223,199823,60,10760,initial_hold
rise_3,fit,left,forward,40,199233,199823,60,10768,initial_hold
rise_3,fit,left,forward,41,199243,199823,60,10775,initial_hold
rise_3,fit,left,forward,42,199253,199823,60,10783,initial_hold
rise_3,fit,left,forward,43,199263,199823,60,10790,initial_hold
rise_3,fit,left,forward,44,199273,199823,60,10798,initial_hold
rise_3,fit,left,forward,45,199283,199823,60,10805,initial_hold
rise_3,fit,left,forward,46,199293,199823,60,10812,initial_hold
rise_3,fit,left,forward,47,199303,199823,60,10820,initial_hold
rise_3,fit,left,forward,48,199313,199823,60,10827,initial_hold
rise_3,fit,left,forward,49,199323,199823,60,10835,initial_hold
rise_3,fit,left,forward,50,199333,199823,60,10842,initial_hold
rise_3,fit,left,forward,51,199343,199823,60,10850,initial_hold
rise_3,fit,left,forward,52,199353,199823,60,10857,initial_hold
rise_3,fit,left,forward,53,199363,199823,60,10864,initial_hold
rise_3,fit,left,forward,54,199373,199823,60,10872,initial_hold
rise_3,fit,left,forward,55,199383,199823,60,10879,initial_hold
rise_3,fit,left,forward,56,199393,199823,60,10887,initial_hold
rise_3,fit,left,forward,57,199403,199823,60,10894,initial_hold
rise_3,fit,left,forward,58,199413,199823,60,10902,initial_hold
rise_3,fit,left,forward,59,199423,199823,60,10909,initial_hold
rise_3,fit,left,forward,60,199433,199823,60,10917,initial_hold
rise_3,fit,left,forward,61,199443,199823,60,10924,initial_hold
rise_3,fit,left,forward,62,199453,199823,60,10932,initial_hold
rise_3,fit,left,forward,63,199463,199823,60,10939,initial_hold
rise_3,fit,left,forward,64,199473,199823,60,10947,initial_hold
rise_3,fit,left,forward,65,199483,199823,60,10954,initial_hold
rise_3,fit,left,forward,66,199493,199823,60,10962,initial_hold
rise_3,fit,left,forward,67,199503,199823,60,10970,initial_hold
rise_3,fit,left,forward,68,199513,199823,60,10977,initial_hold
rise_3,fit,left,forward,69,199523,199823,60,10985,initial_hold
rise_3,fit,left,forward,70,199533,199823,60,10992,initial_hold
rise_3,fit,left,forward,71,199543,199823,60,11000,initial_hold
rise_3,fit,left,forward,72,199553,199823,60,11007,initial_hold
rise_3,fit,left,forward,73,199563,199823,60,11015,initial_hold
rise_3,fit,left,forward,74,199573,199823,60,11022,initial_hold
rise_3,fit,left,forward,75,199583,199823,60,11030,initial_hold
rise_3,fit,left,forward,76,199593,199823,60,11038,initial_hold
rise_3,fit,left,forward,77,199603,199823,60,11045,initial_hold
rise_3,fit,left,forward,78,199613,199823,60,11053,initial_hold
rise_3,fit,left,forward,79,199623,199823,60,11060,initial_hold
rise_3,fit,left,forward,80,199633,199823,60,11068,initial_hold
rise_3,fit,left,forward,81,199643,199823,60,11075,initial_hold
rise_3,fit,left,forward,82,199653,199823,60,11083,initial_hold
rise_3,fit,left,forward,83,199663,199823,60,11090,initial_hold
rise_3,fit,left,forward,84,199673,199823,60,11098,initial_hold
rise_3,fit,left,forward,85,199683,199823,60,11106,initial_hold
rise_3,fit,left,forward,86,199693,199823,60,11113,initial_hold
rise_3,fit,left,forward,87,199703,199823,60,11121,initial_hold
rise_3,fit,left,forward,88,199713,199823,60,11128,initial_hold
rise_3,fit,left,forward,89,199723,199823,60,11136,initial_hold
rise_3,fit,left,forward,90,199733,199823,60,11143,initial_hold
rise_3,fit,left,forward,91,199743,199823,60,11151,initial_hold
rise_3,fit,left,forward,92,199753,199823,60,11159,initial_hold
rise_3,fit,left,forward,93,199763,199823,60,11166,initial_hold
rise_3,fit,left,forward,94,199773,199823,60,11174,initial_hold
rise_3,fit,left,forward,95,199783,199823,60,11181,initial_hold
rise_3,fit,left,forward,96,199793,199823,60,11189,initial_hold
rise_3,fit,left,forward,97,199803,199823,60,11196,initial_hold
rise_3,fit,left,forward,98,199813,199823,60,11204,initial_hold
rise_3,fit,left,forward,99,199823,199823,60,11211,initial_hold
rise_3,fit,left,forward,100,199833,199823,140,11219,transient
rise_3,fit,left,forward,101,199843,199823,140,11226,transient
rise_3,fit,left,forward,102,199853,199823,140,11234,transient
rise_3,fit,left,forward,103,199863,199823,140,11242,transient
rise_3,fit,left,forward,104,199873,199823,140,11250,transient
rise_3,fit,left,forward,105,199883,199823,140,11258,transient
rise_3,fit,left,forward,106,199893,199823,140,11267,transient
rise_3,fit,left,forward,107,199903,199823,140,11276,transient
rise_3,fit,left,forward,108,199913,199823,140,11286,transient
rise_3,fit,left,forward,109,199923,199823,140,11296,transient
rise_3,fit,left,forward,110,199933,199823,140,11308,transient
rise_3,fit,left,forward,111,199943,199823,140,11320,transient
rise_3,fit,left,forward,112,199953,199823,140,11333,transient
rise_3,fit,left,forward,113,199963,199823,140,11346,transient
rise_3,fit,left,forward,114,199973,199823,140,11361,transient
rise_3,fit,left,forward,115,199983,199823,140,11376,transient
rise_3,fit,left,forward,116,199993,199823,140,11391,transient
rise_3,fit,left,forward,117,200003,199823,140,11407,transient
rise_3,fit,left,forward,118,200013,199823,140,11423,transient
rise_3,fit,left,forward,119,200023,199823,140,11439,transient
rise_3,fit,left,forward,120,200033,199823,140,11456,transient
rise_3,fit,left,forward,121,200043,199823,140,11473,transient
rise_3,fit,left,forward,122,200053,199823,140,11491,transient
rise_3,fit,left,forward,123,200063,199823,140,11508,transient
rise_3,fit,left,forward,124,200073,199823,140,11526,transient
rise_3,fit,left,forward,125,200083,199823,140,11544,transient
rise_3,fit,left,forward,126,200093,199823,140,11562,transient
rise_3,fit,left,forward,127,200104,199823,140,11582,transient
rise_3,fit,left,forward,128,200114,199823,140,11600,transient
rise_3,fit,left,forward,129,200124,199823,140,11618,transient
rise_3,fit,left,forward,130,200134,199823,140,11636,transient
rise_3,fit,left,forward,131,200144,199823,140,11655,transient
rise_3,fit,left,forward,132,200154,199823,140,11673,transient
rise_3,fit,left,forward,133,200164,199823,140,11692,transient
rise_3,fit,left,forward,134,200174,199823,140,11710,transient
rise_3,fit,left,forward,135,200184,199823,140,11728,transient
rise_3,fit,left,forward,136,200194,199823,140,11747,transient
rise_3,fit,left,forward,137,200204,199823,140,11766,transient
rise_3,fit,left,forward,138,200214,199823,140,11784,transient
rise_3,fit,left,forward,139,200224,199823,140,11803,transient
rise_3,fit,left,forward,140,200234,199823,140,11822,transient
rise_3,fit,left,forward,141,200244,199823,140,11840,transient
rise_3,fit,left,forward,142,200254,199823,140,11859,transient
rise_3,fit,left,forward,143,200264,199823,140,11878,transient
rise_3,fit,left,forward,144,200274,199823,140,11896,transient
rise_3,fit,left,forward,145,200284,199823,140,11915,transient
rise_3,fit,left,forward,146,200294,199823,140,11933,transient
rise_3,fit,left,forward,147,200304,199823,140,11952,transient
rise_3,fit,left,forward,148,200314,199823,140,11971,transient
rise_3,fit,left,forward,149,200324,199823,140,11989,transient
rise_3,fit,left,forward,150,200334,199823,140,12008,transient
rise_3,fit,left,forward,151,200344,199823,140,12027,transient
rise_3,fit,left,forward,152,200354,199823,140,12046,transient
rise_3,fit,left,forward,153,200364,199823,140,12064,transient
rise_3,fit,left,forward,154,200374,199823,140,12083,transient
rise_3,fit,left,forward,155,200384,199823,140,12102,transient
rise_3,fit,left,forward,156,200394,199823,140,12121,transient
rise_3,fit,left,forward,157,200404,199823,140,12139,transient
rise_3,fit,left,forward,158,200414,199823,140,12158,transient
rise_3,fit,left,forward,159,200424,199823,140,12177,transient
rise_3,fit,left,forward,160,200434,199823,140,12196,transient
rise_3,fit,left,forward,161,200444,199823,140,12214,transient
rise_3,fit,left,forward,162,200454,199823,140,12233,transient
rise_3,fit,left,forward,163,200464,199823,140,12252,transient
rise_3,fit,left,forward,164,200474,199823,140,12271,transient
rise_3,fit,left,forward,165,200484,199823,140,12290,transient
rise_3,fit,left,forward,166,200494,199823,140,12308,transient
rise_3,fit,left,forward,167,200504,199823,140,12327,transient
rise_3,fit,left,forward,168,200514,199823,140,12346,transient
rise_3,fit,left,forward,169,200524,199823,140,12365,transient
rise_3,fit,left,forward,170,200534,199823,140,12384,transient
rise_3,fit,left,forward,171,200544,199823,140,12402,transient
rise_3,fit,left,forward,172,200554,199823,140,12421,transient
rise_3,fit,left,forward,173,200564,199823,140,12440,transient
rise_3,fit,left,forward,174,200574,199823,140,12459,transient
rise_3,fit,left,forward,175,200584,199823,140,12477,transient
rise_3,fit,left,forward,176,200594,199823,140,12496,transient
rise_3,fit,left,forward,177,200604,199823,140,12515,transient
rise_3,fit,left,forward,178,200614,199823,140,12534,transient
rise_3,fit,left,forward,179,200624,199823,140,12552,transient
rise_3,fit,left,forward,180,200634,199823,140,12571,transient
rise_3,fit,left,forward,181,200644,199823,140,12590,transient
rise_3,fit,left,forward,182,200654,199823,140,12609,transient
rise_3,fit,left,forward,183,200664,199823,140,12628,transient
rise_3,fit,left,forward,184,200674,199823,140,12647,transient
rise_3,fit,left,forward,185,200684,199823,140,12666,transient
rise_3,fit,left,forward,186,200694,199823,140,12684,transient
rise_3,fit,left,forward,187,200704,199823,140,12703,transient
rise_3,fit,left,forward,188,200714,199823,140,12722,transient
rise_3,fit,left,forward,189,200724,199823,140,12740,transient
rise_3,fit,left,forward,190,200734,199823,140,12759,transient
rise_3,fit,left,forward,191,200744,199823,140,12778,transient
rise_3,fit,left,forward,192,200754,199823,140,12796,transient
rise_3,fit,left,forward,193,200764,199823,140,12815,transient
rise_3,fit,left,forward,194,200774,199823,140,12834,transient
rise_3,fit,left,forward,195,200784,199823,140,12853,transient
rise_3,fit,left,forward,196,200794,199823,140,12872,transient
rise_3,fit,left,forward,197,200804,199823,140,12890,transient
rise_3,fit,left,forward,198,200814,199823,140,12909,transient
rise_3,fit,left,forward,199,200824,199823,140,12928,transient
rise_3,fit,left,forward,200,200834,199823,140,12947,transient
rise_3,fit,left,forward,201,200844,199823,140,12966,transient
rise_3,fit,left,forward,202,200854,199823,140,12984,transient
rise_3,fit,left,forward,203,200864,199823,140,13003,transient
rise_3,fit,left,forward,204,200874,199823,140,13022,transient
rise_3,fit,left,forward,205,200884,199823,140,13040,transient
rise_3,fit,left,forward,206,200894,199823,140,13059,transient
rise_3,fit,left,forward,207,200904,199823,140,13078,transient
rise_3,fit,left,forward,208,200914,199823,140,13097,transient
rise_3,fit,left,forward,209,200924,199823,140,13116,transient
rise_3,fit,left,forward,210,200934,199823,140,13134,transient
rise_3,fit,left,forward,211,200944,199823,140,13153,transient
rise_3,fit,left,forward,212,200954,199823,140,13172,transient
rise_3,fit,left,forward,213,200964,199823,140,13191,transient
rise_3,fit,left,forward,214,200974,199823,140,13210,transient
rise_3,fit,left,forward,215,200984,199823,140,13228,transient
rise_3,fit,left,forward,216,200994,199823,140,13247,transient
rise_3,fit,left,forward,217,201004,199823,140,13266,transient
rise_3,fit,left,forward,218,201014,199823,140,13285,transient
rise_3,fit,left,forward,219,201024,199823,140,13303,transient
rise_3,fit,left,forward,220,201034,199823,140,13322,transient
rise_3,fit,left,forward,221,201044,199823,140,13341,transient
rise_3,fit,left,forward,222,201054,199823,140,13360,transient
rise_3,fit,left,forward,223,201064,199823,140,13378,transient
rise_3,fit,left,forward,224,201074,199823,140,13397,transient
rise_3,fit,left,forward,225,201084,199823,140,13416,transient
rise_3,fit,left,forward,226,201094,199823,140,13435,transient
rise_3,fit,left,forward,227,201104,199823,140,13453,transient
rise_3,fit,left,forward,228,201114,199823,140,13472,transient
rise_3,fit,left,forward,229,201124,199823,140,13491,transient
rise_3,fit,left,forward,230,201134,199823,140,13510,transient
rise_3,fit,left,forward,231,201144,199823,140,13528,transient
rise_3,fit,left,forward,232,201154,199823,140,13547,transient
rise_3,fit,left,forward,233,201164,199823,140,13566,transient
rise_3,fit,left,forward,234,201174,199823,140,13584,transient
rise_3,fit,left,forward,235,201184,199823,140,13604,transient
rise_3,fit,left,forward,236,201194,199823,140,13622,transient
rise_3,fit,left,forward,237,201204,199823,140,13641,transient
rise_3,fit,left,forward,238,201214,199823,140,13660,transient
rise_3,fit,left,forward,239,201224,199823,140,13678,transient
rise_3,fit,left,forward,240,201234,199823,140,13697,final_hold
rise_3,fit,left,forward,241,201244,199823,140,13716,final_hold
rise_3,fit,left,forward,242,201254,199823,140,13735,final_hold
rise_3,fit,left,forward,243,201264,199823,140,13754,final_hold
rise_3,fit,left,forward,244,201274,199823,140,13772,final_hold
rise_3,fit,left,forward,245,201284,199823,140,13791,final_hold
rise_3,fit,left,forward,246,201294,199823,140,13810,final_hold
rise_3,fit,left,forward,247,201304,199823,140,13828,final_hold
rise_3,fit,left,forward,248,201314,199823,140,13847,final_hold
rise_3,fit,left,forward,249,201324,199823,140,13866,final_hold
rise_3,fit,left,forward,250,201334,199823,140,13885,final_hold
rise_3,fit,left,forward,251,201344,199823,140,13904,final_hold
rise_3,fit,left,forward,252,201354,199823,140,13922,final_hold
rise_3,fit,left,forward,253,201364,199823,140,13941,final_hold
rise_3,fit,left,forward,254,201374,199823,140,13960,final_hold
rise_3,fit,left,forward,255,201384,199823,140,13979,final_hold
rise_3,fit,left,forward,256,201394,199823,140,13998,final_hold
rise_3,fit,left,forward,257,201404,199823,140,14016,final_hold
rise_3,fit,left,forward,258,201414,199823,140,14035,final_hold
rise_3,fit,left,forward,259,201424,199823,140,14054,final_hold
rise_3,fit,left,forward,260,201434,199823,140,14073,final_hold
rise_3,fit,left,forward,261,201444,199823,140,14091,final_hold
rise_3,fit,left,forward,262,201454,199823,140,14110,final_hold
rise_3,fit,left,forward,263,201464,199823,140,14129,final_hold
rise_3,fit,left,forward,264,201474,199823,140,14148,final_hold
rise_3,fit,left,forward,265,201484,199823,140,14166,final_hold
rise_3,fit,left,forward,266,201494,199823,140,14185,final_hold
rise_3,fit,left,forward,267,201504,199823,140,14204,final_hold
rise_3,fit,left,forward,268,201514,199823,140,14223,final_hold
rise_3,fit,left,forward,269,201524,199823,140,14241,final_hold
rise_3,fit,left,forward,270,201534,199823,140,14260,final_hold
rise_3,fit,left,forward,271,201544,199823,140,14279,final_hold
rise_3,fit,left,forward,272,201554,199823,140,14298,final_hold
rise_3,fit,left,forward,273,201564,199823,140,14316,final_hold
rise_3,fit,left,forward,274,201574,199823,140,14335,final_hold
rise_3,fit,left,forward,275,201584,199823,140,14354,final_hold
rise_3,fit,left,forward,276,201594,199823,140,14373,final_hold
rise_3,fit,left,forward,277,201604,199823,140,14391,final_hold
rise_3,fit,left,forward,278,201614,199823,140,14410,final_hold
rise_3,fit,left,forward,279,201624,199823,140,14429,final_hold
rise_3,fit,left,forward,280,201634,199823,140,14448,final_hold
rise_3,fit,left,forward,281,201644,199823,140,14466,final_hold
rise_3,fit,left,forward,282,201654,199823,140,14485,final_hold
rise_3,fit,left,forward,283,201664,199823,140,14504,final_hold
rise_3,fit,left,forward,284,201674,199823,140,14522,final_hold
rise_3,fit,left,forward,285,201684,199823,140,14541,final_hold
rise_3,fit,left,forward,286,201694,199823,140,14560,final_hold
rise_3,fit,left,forward,287,201704,199823,140,14579,final_hold
rise_3,fit,left,forward,288,201714,199823,140,14598,final_hold
rise_3,fit,left,forward,289,201724,199823,140,14616,final_hold
rise_3,fit,left,forward,290,201734,199823,140,14635,final_hold
rise_3,fit,left,forward,291,201744,199823,140,14654,final_hold
rise_3,fit,left,forward,292,201754,199823,140,14672,final_hold
rise_3,fit,left,forward,293,201764,199823,140,14691,final_hold
rise_3,fit,left,forward,294,201774,199823,140,14710,final_hold
rise_3,fit,left,forward,295,201784,199823,140,14729,final_hold
rise_3,fit,left,forward,296,201794,199823,140,14748,final_hold
rise_3,fit,left,forward,297,201804,199823,140,14766,final_hold
rise_3,fit,left,forward,298,201814,199823,140,14785,final_hold
rise_3,fit,left,forward,299,201824,199823,140,14804,final_hold
rise_3,fit,left,forward,300,201834,199823,140,14823,final_hold
rise_3,fit,left,forward,301,201844,199823,140,14841,final_hold
rise_3,fit,left,forward,302,201854,199823,140,14860,final_hold
rise_3,fit,left,forward,303,201864,199823,140,14879,final_hold
rise_3,fit,left,forward,304,201874,199823,140,14898,final_hold
rise_3,fit,left,forward,305,201884,199823,140,14916,final_hold
rise_3,fit,left,forward,306,201894,199823,140,14935,final_hold
rise_3,fit,left,forward,307,201904,199823,140,14954,final_hold
rise_3,fit,left,forward,308,201914,199823,140,14973,final_hold
rise_3,fit,left,forward,309,201924,199823,140,14991,final_hold
rise_3,fit,left,forward,310,201934,199823,140,15010,final_hold
rise_3,fit,left,forward,311,201944,199823,140,15029,final_hold
rise_3,fit,left,forward,312,201954,199823,140,15048,final_hold
rise_3,fit,left,forward,313,201964,199823,140,15066,final_hold
rise_3,fit,left,forward,314,201974,199823,140,15085,final_hold
rise_3,fit,left,forward,315,201984,199823,140,15104,final_hold
rise_3,fit,left,forward,316,201994,199823,140,15122,final_hold
rise_3,fit,left,forward,317,202004,199823,140,15142,final_hold
rise_3,fit,left,forward,318,202014,199823,140,15160,final_hold
rise_3,fit,left,forward,319,202024,199823,140,15179,final_hold
rise_3,fit,left,forward,320,202034,199823,140,15198,final_hold
rise_3,fit,left,forward,321,202044,199823,140,15216,final_hold
rise_3,fit,left,forward,322,202054,199823,140,15235,final_hold
rise_3,fit,left,forward,323,202064,199823,140,15254,final_hold
rise_3,fit,left,forward,324,202074,199823,140,15273,final_hold
rise_3,fit,left,forward,325,202084,199823,140,15291,final_hold
rise_3,fit,left,forward,326,202094,199823,140,15310,final_hold
rise_3,fit,left,forward,327,202105,199823,140,15331,final_hold
rise_3,fit,left,forward,328,202115,199823,140,15350,final_hold
rise_3,fit,left,forward,329,202125,199823,140,15368,final_hold
rise_3,fit,left,forward,330,202135,199823,140,15387,final_hold
rise_3,fit,left,forward,331,202145,199823,140,15406,final_hold
rise_3,fit,left,forward,332,202155,199823,140,15424,final_hold
rise_3,fit,left,forward,333,202165,199823,140,15443,final_hold
rise_3,fit,left,forward,334,202175,199823,140,15462,final_hold
rise_3,fit,left,forward,335,202185,199823,140,15481,final_hold
rise_3,fit,left,forward,336,202195,199823,140,15499,final_hold
rise_3,fit,left,forward,337,202205,199823,140,15518,final_hold
rise_3,fit,left,forward,338,202215,199823,140,15537,final_hold
rise_3,fit,left,forward,339,202225,199823,140,15556,final_hold
rise_4,fit,left,forward,0,203235,204225,60,15850,initial_hold
rise_4,fit,left,forward,1,203245,204225,60,15850,initial_hold
rise_4,fit,left,forward,2,203255,204225,60,15850,initial_hold
rise_4,fit,left,forward,3,203265,204225,60,15850,initial_hold
rise_4,fit,left,forward,4,203275,204225,60,15850,initial_hold
rise_4,fit,left,forward,5,203285,204225,60,15850,initial_hold
rise_4,fit,left,forward,6,203295,204225,60,15850,initial_hold
rise_4,fit,left,forward,7,203305,204225,60,15850,initial_hold
rise_4,fit,left,forward,8,203315,204225,60,15850,initial_hold
rise_4,fit,left,forward,9,203325,204225,60,15850,initial_hold
rise_4,fit,left,forward,10,203335,204225,60,15850,initial_hold
rise_4,fit,left,forward,11,203345,204225,60,15851,initial_hold
rise_4,fit,left,forward,12,203355,204225,60,15852,initial_hold
rise_4,fit,left,forward,13,203365,204225,60,15855,initial_hold
rise_4,fit,left,forward,14,203375,204225,60,15859,initial_hold
rise_4,fit,left,forward,15,203385,204225,60,15864,initial_hold
rise_4,fit,left,forward,16,203395,204225,60,15869,initial_hold
rise_4,fit,left,forward,17,203405,204225,60,15875,initial_hold
rise_4,fit,left,forward,18,203415,204225,60,15880,initial_hold
rise_4,fit,left,forward,19,203425,204225,60,15886,initial_hold
rise_4,fit,left,forward,20,203435,204225,60,15893,initial_hold
rise_4,fit,left,forward,21,203445,204225,60,15899,initial_hold
rise_4,fit,left,forward,22,203455,204225,60,15906,initial_hold
rise_4,fit,left,forward,23,203465,204225,60,15912,initial_hold
rise_4,fit,left,forward,24,203475,204225,60,15919,initial_hold
rise_4,fit,left,forward,25,203485,204225,60,15926,initial_hold
rise_4,fit,left,forward,26,203495,204225,60,15933,initial_hold
rise_4,fit,left,forward,27,203505,204225,60,15940,initial_hold
rise_4,fit,left,forward,28,203515,204225,60,15947,initial_hold
rise_4,fit,left,forward,29,203525,204225,60,15954,initial_hold
rise_4,fit,left,forward,30,203535,204225,60,15962,initial_hold
rise_4,fit,left,forward,31,203545,204225,60,15969,initial_hold
rise_4,fit,left,forward,32,203555,204225,60,15976,initial_hold
rise_4,fit,left,forward,33,203565,204225,60,15983,initial_hold
rise_4,fit,left,forward,34,203575,204225,60,15991,initial_hold
rise_4,fit,left,forward,35,203585,204225,60,15998,initial_hold
rise_4,fit,left,forward,36,203595,204225,60,16006,initial_hold
rise_4,fit,left,forward,37,203605,204225,60,16013,initial_hold
rise_4,fit,left,forward,38,203615,204225,60,16020,initial_hold
rise_4,fit,left,forward,39,203625,204225,60,16028,initial_hold
rise_4,fit,left,forward,40,203635,204225,60,16035,initial_hold
rise_4,fit,left,forward,41,203645,204225,60,16043,initial_hold
rise_4,fit,left,forward,42,203655,204225,60,16050,initial_hold
rise_4,fit,left,forward,43,203665,204225,60,16058,initial_hold
rise_4,fit,left,forward,44,203675,204225,60,16065,initial_hold
rise_4,fit,left,forward,45,203685,204225,60,16072,initial_hold
rise_4,fit,left,forward,46,203695,204225,60,16080,initial_hold
rise_4,fit,left,forward,47,203705,204225,60,16087,initial_hold
rise_4,fit,left,forward,48,203715,204225,60,16095,initial_hold
rise_4,fit,left,forward,49,203725,204225,60,16102,initial_hold
rise_4,fit,left,forward,50,203735,204225,60,16110,initial_hold
rise_4,fit,left,forward,51,203745,204225,60,16117,initial_hold
rise_4,fit,left,forward,52,203755,204225,60,16124,initial_hold
rise_4,fit,left,forward,53,203765,204225,60,16132,initial_hold
rise_4,fit,left,forward,54,203775,204225,60,16139,initial_hold
rise_4,fit,left,forward,55,203785,204225,60,16147,initial_hold
rise_4,fit,left,forward,56,203795,204225,60,16154,initial_hold
rise_4,fit,left,forward,57,203805,204225,60,16162,initial_hold
rise_4,fit,left,forward,58,203815,204225,60,16169,initial_hold
rise_4,fit,left,forward,59,203825,204225,60,16177,initial_hold
rise_4,fit,left,forward,60,203835,204225,60,16184,initial_hold
rise_4,fit,left,forward,61,203845,204225,60,16192,initial_hold
rise_4,fit,left,forward,62,203855,204225,60,16200,initial_hold
rise_4,fit,left,forward,63,203865,204225,60,16207,initial_hold
rise_4,fit,left,forward,64,203875,204225,60,16215,initial_hold
rise_4,fit,left,forward,65,203885,204225,60,16222,initial_hold
rise_4,fit,left,forward,66,203895,204225,60,16230,initial_hold
rise_4,fit,left,forward,67,203905,204225,60,16237,initial_hold
rise_4,fit,left,forward,68,203915,204225,60,16245,initial_hold
rise_4,fit,left,forward,69,203925,204225,60,16252,initial_hold
rise_4,fit,left,forward,70,203935,204225,60,16260,initial_hold
rise_4,fit,left,forward,71,203945,204225,60,16268,initial_hold
rise_4,fit,left,forward,72,203955,204225,60,16275,initial_hold
rise_4,fit,left,forward,73,203965,204225,60,16283,initial_hold
rise_4,fit,left,forward,74,203975,204225,60,16290,initial_hold
rise_4,fit,left,forward,75,203985,204225,60,16298,initial_hold
rise_4,fit,left,forward,76,203995,204225,60,16305,initial_hold
rise_4,fit,left,forward,77,204005,204225,60,16313,initial_hold
rise_4,fit,left,forward,78,204015,204225,60,16320,initial_hold
rise_4,fit,left,forward,79,204025,204225,60,16328,initial_hold
rise_4,fit,left,forward,80,204035,204225,60,16335,initial_hold
rise_4,fit,left,forward,81,204045,204225,60,16343,initial_hold
rise_4,fit,left,forward,82,204055,204225,60,16350,initial_hold
rise_4,fit,left,forward,83,204065,204225,60,16358,initial_hold
rise_4,fit,left,forward,84,204075,204225,60,16366,initial_hold
rise_4,fit,left,forward,85,204085,204225,60,16373,initial_hold
rise_4,fit,left,forward,86,204095,204225,60,16381,initial_hold
rise_4,fit,left,forward,87,204106,204225,60,16389,initial_hold
rise_4,fit,left,forward,88,204116,204225,60,16396,initial_hold
rise_4,fit,left,forward,89,204126,204225,60,16404,initial_hold
rise_4,fit,left,forward,90,204136,204225,60,16412,initial_hold
rise_4,fit,left,forward,91,204146,204225,60,16419,initial_hold
rise_4,fit,left,forward,92,204156,204225,60,16427,initial_hold
rise_4,fit,left,forward,93,204166,204225,60,16434,initial_hold
rise_4,fit,left,forward,94,204176,204225,60,16442,initial_hold
rise_4,fit,left,forward,95,204186,204225,60,16449,initial_hold
rise_4,fit,left,forward,96,204196,204225,60,16457,initial_hold
rise_4,fit,left,forward,97,204206,204225,60,16464,initial_hold
rise_4,fit,left,forward,98,204216,204225,60,16472,initial_hold
rise_4,fit,left,forward,99,204226,204225,60,16480,initial_hold
rise_4,fit,left,forward,100,204236,204225,140,16487,transient
rise_4,fit,left,forward,101,204246,204225,140,16495,transient
rise_4,fit,left,forward,102,204256,204225,140,16502,transient
rise_4,fit,left,forward,103,204266,204225,140,16510,transient
rise_4,fit,left,forward,104,204276,204225,140,16518,transient
rise_4,fit,left,forward,105,204286,204225,140,16526,transient
rise_4,fit,left,forward,106,204296,204225,140,16535,transient
rise_4,fit,left,forward,107,204306,204225,140,16544,transient
rise_4,fit,left,forward,108,204316,204225,140,16555,transient
rise_4,fit,left,forward,109,204326,204225,140,16566,transient
rise_4,fit,left,forward,110,204336,204225,140,16577,transient
rise_4,fit,left,forward,111,204346,204225,140,16590,transient
rise_4,fit,left,forward,112,204356,204225,140,16603,transient
rise_4,fit,left,forward,113,204366,204225,140,16617,transient
rise_4,fit,left,forward,114,204376,204225,140,16631,transient
rise_4,fit,left,forward,115,204386,204225,140,16647,transient
rise_4,fit,left,forward,116,204396,204225,140,16662,transient
rise_4,fit,left,forward,117,204406,204225,140,16678,transient
rise_4,fit,left,forward,118,204416,204225,140,16694,transient
rise_4,fit,left,forward,119,204426,204225,140,16711,transient
rise_4,fit,left,forward,120,204436,204225,140,16728,transient
rise_4,fit,left,forward,121,204446,204225,140,16745,transient
rise_4,fit,left,forward,122,204456,204225,140,16763,transient
rise_4,fit,left,forward,123,204466,204225,140,16780,transient
rise_4,fit,left,forward,124,204476,204225,140,16798,transient
rise_4,fit,left,forward,125,204486,204225,140,16816,transient
rise_4,fit,left,forward,126,204496,204225,140,16834,transient
rise_4,fit,left,forward,127,204506,204225,140,16852,transient
rise_4,fit,left,forward,128,204516,204225,140,16870,transient
rise_4,fit,left,forward,129,204526,204225,140,16888,transient
rise_4,fit,left,forward,130,204536,204225,140,16907,transient
rise_4,fit,left,forward,131,204546,204225,140,16925,transient
rise_4,fit,left,forward,132,204556,204225,140,16943,transient
rise_4,fit,left,forward,133,204566,204225,140,16962,transient
rise_4,fit,left,forward,134,204576,204225,140,16980,transient
rise_4,fit,left,forward,135,204586,204225,140,16999,transient
rise_4,fit,left,forward,136,204596,204225,140,17018,transient
rise_4,fit,left,forward,137,204606,204225,140,17036,transient
rise_4,fit,left,forward,138,204616,204225,140,17055,transient
rise_4,fit,left,forward,139,204626,204225,140,17073,transient
rise_4,fit,left,forward,140,204636,204225,140,17092,transient
rise_4,fit,left,forward,141,204646,204225,140,17111,transient
rise_4,fit,left,forward,142,204656,204225,140,17129,transient
rise_4,fit,left,forward,143,204666,204225,140,17148,transient
rise_4,fit,left,forward,144,204676,204225,140,17166,transient
rise_4,fit,left,forward,145,204686,204225,140,17185,transient
rise_4,fit,left,forward,146,204696,204225,140,17204,transient
rise_4,fit,left,forward,147,204706,204225,140,17222,transient
rise_4,fit,left,forward,148,204716,204225,140,17241,transient
rise_4,fit,left,forward,149,204726,204225,140,17260,transient
rise_4,fit,left,forward,150,204736,204225,140,17279,transient
rise_4,fit,left,forward,151,204746,204225,140,17298,transient
rise_4,fit,left,forward,152,204756,204225,140,17316,transient
rise_4,fit,left,forward,153,204766,204225,140,17335,transient
rise_4,fit,left,forward,154,204776,204225,140,17354,transient
rise_4,fit,left,forward,155,204786,204225,140,17372,transient
rise_4,fit,left,forward,156,204796,204225,140,17391,transient
rise_4,fit,left,forward,157,204806,204225,140,17410,transient
rise_4,fit,left,forward,158,204816,204225,140,17429,transient
rise_4,fit,left,forward,159,204826,204225,140,17447,transient
rise_4,fit,left,forward,160,204836,204225,140,17466,transient
rise_4,fit,left,forward,161,204846,204225,140,17485,transient
rise_4,fit,left,forward,162,204856,204225,140,17504,transient
rise_4,fit,left,forward,163,204866,204225,140,17523,transient
rise_4,fit,left,forward,164,204876,204225,140,17541,transient
rise_4,fit,left,forward,165,204886,204225,140,17560,transient
rise_4,fit,left,forward,166,204896,204225,140,17579,transient
rise_4,fit,left,forward,167,204906,204225,140,17598,transient
rise_4,fit,left,forward,168,204916,204225,140,17616,transient
rise_4,fit,left,forward,169,204926,204225,140,17635,transient
rise_4,fit,left,forward,170,204936,204225,140,17654,transient
rise_4,fit,left,forward,171,204946,204225,140,17673,transient
rise_4,fit,left,forward,172,204956,204225,140,17691,transient
rise_4,fit,left,forward,173,204966,204225,140,17710,transient
rise_4,fit,left,forward,174,204976,204225,140,17729,transient
rise_4,fit,left,forward,175,204986,204225,140,17748,transient
rise_4,fit,left,forward,176,204996,204225,140,17766,transient
rise_4,fit,left,forward,177,205006,204225,140,17785,transient
rise_4,fit,left,forward,178,205016,204225,140,17804,transient
rise_4,fit,left,forward,179,205026,204225,140,17823,transient
rise_4,fit,left,forward,180,205036,204225,140,17841,transient
rise_4,fit,left,forward,181,205046,204225,140,17860,transient
rise_4,fit,left,forward,182,205056,204225,140,17879,transient
rise_4,fit,left,forward,183,205066,204225,140,17898,transient
rise_4,fit,left,forward,184,205076,204225,140,17917,transient
rise_4,fit,left,forward,185,205086,204225,140,17935,transient
rise_4,fit,left,forward,186,205096,204225,140,17954,transient
rise_4,fit,left,forward,187,205106,204225,140,17973,transient
rise_4,fit,left,forward,188,205116,204225,140,17992,transient
rise_4,fit,left,forward,189,205126,204225,140,18010,transient
rise_4,fit,left,forward,190,205136,204225,140,18029,transient
rise_4,fit,left,forward,191,205146,204225,140,18048,transient
rise_4,fit,left,forward,192,205156,204225,140,18067,transient
rise_4,fit,left,forward,193,205166,204225,140,18085,transient
rise_4,fit,left,forward,194,205176,204225,140,18104,transient
rise_4,fit,left,forward,195,205186,204225,140,18123,transient
rise_4,fit,left,forward,196,205196,204225,140,18142,transient
rise_4,fit,left,forward,197,205206,204225,140,18160,transient
rise_4,fit,left,forward,198,205216,204225,140,18179,transient
rise_4,fit,left,forward,199,205226,204225,140,18198,transient
rise_4,fit,left,forward,200,205236,204225,140,18217,transient
rise_4,fit,left,forward,201,205246,204225,140,18235,transient
rise_4,fit,left,forward,202,205256,204225,140,18254,transient
rise_4,fit,left,forward,203,205266,204225,140,18273,transient
rise_4,fit,left,forward,204,205276,204225,140,18292,transient
rise_4,fit,left,forward,205,205286,204225,140,18310,transient
rise_4,fit,left,forward,206,205296,204225,140,18329,transient
rise_4,fit,left,forward,207,205306,204225,140,18348,transient
rise_4,fit,left,forward,208,205316,204225,140,18367,transient
rise_4,fit,left,forward,209,205326,204225,140,18386,transient
rise_4,fit,left,forward,210,205336,204225,140,18404,transient
rise_4,fit,left,forward,211,205346,204225,140,18423,transient
rise_4,fit,left,forward,212,205356,204225,140,18442,transient
rise_4,fit,left,forward,213,205366,204225,140,18460,transient
rise_4,fit,left,forward,214,205376,204225,140,18480,transient
rise_4,fit,left,forward,215,205386,204225,140,18498,transient
rise_4,fit,left,forward,216,205396,204225,140,18517,transient
rise_4,fit,left,forward,217,205406,204225,140,18536,transient
rise_4,fit,left,forward,218,205416,204225,140,18554,transient
rise_4,fit,left,forward,219,205426,204225,140,18573,transient
rise_4,fit,left,forward,220,205436,204225,140,18592,transient
rise_4,fit,left,forward,221,205446,204225,140,18611,transient
rise_4,fit,left,forward,222,205456,204225,140,18629,transient
rise_4,fit,left,forward,223,205466,204225,140,18648,transient
rise_4,fit,left,forward,224,205476,204225,140,18667,transient
rise_4,fit,left,forward,225,205486,204225,140,18686,transient
rise_4,fit,left,forward,226,205496,204225,140,18704,transient
rise_4,fit,left,forward,227,205506,204225,140,18723,transient
rise_4,fit,left,forward,228,205516,204225,140,18742,transient
rise_4,fit,left,forward,229,205526,204225,140,18760,transient
rise_4,fit,left,forward,230,205536,204225,140,18779,transient
rise_4,fit,left,forward,231,205546,204225,140,18798,transient
rise_4,fit,left,forward,232,205556,204225,140,18817,transient
rise_4,fit,left,forward,233,205566,204225,140,18836,transient
rise_4,fit,left,forward,234,205576,204225,140,18854,transient
rise_4,fit,left,forward,235,205586,204225,140,18873,transient
rise_4,fit,left,forward,236,205596,204225,140,18892,transient
rise_4,fit,left,forward,237,205606,204225,140,18911,transient
rise_4,fit,left,forward,238,205616,204225,140,18929,transient
rise_4,fit,left,forward,239,205626,204225,140,18948,transient
rise_4,fit,left,forward,240,205636,204225,140,18967,final_hold
rise_4,fit,left,forward,241,205646,204225,140,18986,final_hold
rise_4,fit,left,forward,242,205656,204225,140,19004,final_hold
rise_4,fit,left,forward,243,205666,204225,140,19023,final_hold
rise_4,fit,left,forward,244,205676,204225,140,19042,final_hold
rise_4,fit,left,forward,245,205686,204225,140,19061,final_hold
rise_4,fit,left,forward,246,205696,204225,140,19079,final_hold
rise_4,fit,left,forward,247,205706,204225,140,19098,final_hold
rise_4,fit,left,forward,248,205716,204225,140,19117,final_hold
rise_4,fit,left,forward,249,205726,204225,140,19136,final_hold
rise_4,fit,left,forward,250,205736,204225,140,19154,final_hold
rise_4,fit,left,forward,251,205746,204225,140,19173,final_hold
rise_4,fit,left,forward,252,205756,204225,140,19192,final_hold
rise_4,fit,left,forward,253,205766,204225,140,19210,final_hold
rise_4,fit,left,forward,254,205776,204225,140,19229,final_hold
rise_4,fit,left,forward,255,205786,204225,140,19248,final_hold
rise_4,fit,left,forward,256,205796,204225,140,19267,final_hold
rise_4,fit,left,forward,257,205806,204225,140,19286,final_hold
rise_4,fit,left,forward,258,205816,204225,140,19304,final_hold
rise_4,fit,left,forward,259,205826,204225,140,19323,final_hold
rise_4,fit,left,forward,260,205836,204225,140,19342,final_hold
rise_4,fit,left,forward,261,205846,204225,140,19361,final_hold
rise_4,fit,left,forward,262,205856,204225,140,19379,final_hold
rise_4,fit,left,forward,263,205866,204225,140,19398,final_hold
rise_4,fit,left,forward,264,205876,204225,140,19417,final_hold
rise_4,fit,left,forward,265,205886,204225,140,19436,final_hold
rise_4,fit,left,forward,266,205896,204225,140,19455,final_hold
rise_4,fit,left,forward,267,205906,204225,140,19473,final_hold
rise_4,fit,left,forward,268,205916,204225,140,19492,final_hold
rise_4,fit,left,forward,269,205926,204225,140,19511,final_hold
rise_4,fit,left,forward,270,205936,204225,140,19530,final_hold
rise_4,fit,left,forward,271,205946,204225,140,19548,final_hold
rise_4,fit,left,forward,272,205956,204225,140,19567,final_hold
rise_4,fit,left,forward,273,205966,204225,140,19586,final_hold
rise_4,fit,left,forward,274,205976,204225,140,19604,final_hold
rise_4,fit,left,forward,275,205986,204225,140,19623,final_hold
rise_4,fit,left,forward,276,205996,204225,140,19642,final_hold
rise_4,fit,left,forward,277,206006,204225,140,19661,final_hold
rise_4,fit,left,forward,278,206016,204225,140,19680,final_hold
rise_4,fit,left,forward,279,206026,204225,140,19698,final_hold
rise_4,fit,left,forward,280,206036,204225,140,19717,final_hold
rise_4,fit,left,forward,281,206046,204225,140,19736,final_hold
rise_4,fit,left,forward,282,206056,204225,140,19755,final_hold
rise_4,fit,left,forward,283,206066,204225,140,19774,final_hold
rise_4,fit,left,forward,284,206076,204225,140,19792,final_hold
rise_4,fit,left,forward,285,206086,204225,140,19811,final_hold
rise_4,fit,left,forward,286,206096,204225,140,19830,final_hold
rise_4,fit,left,forward,287,206107,204225,140,19851,final_hold
rise_4,fit,left,forward,288,206117,204225,140,19869,final_hold
rise_4,fit,left,forward,289,206127,204225,140,19888,final_hold
rise_4,fit,left,forward,290,206137,204225,140,19906,final_hold
rise_4,fit,left,forward,291,206147,204225,140,19925,final_hold
rise_4,fit,left,forward,292,206157,204225,140,19944,final_hold
rise_4,fit,left,forward,293,206167,204225,140,19963,final_hold
rise_4,fit,left,forward,294,206177,204225,140,19982,final_hold
rise_4,fit,left,forward,295,206187,204225,140,20000,final_hold
rise_4,fit,left,forward,296,206197,204225,140,20019,final_hold
rise_4,fit,left,forward,297,206207,204225,140,20038,final_hold
rise_4,fit,left,forward,298,206217,204225,140,20056,final_hold
rise_4,fit,left,forward,299,206227,204225,140,20075,final_hold
rise_4,fit,left,forward,300,206237,204225,140,20094,final_hold
rise_4,fit,left,forward,301,206247,204225,140,20113,final_hold
rise_4,fit,left,forward,302,206257,204225,140,20132,final_hold
rise_4,fit,left,forward,303,206267,204225,140,20150,final_hold
rise_4,fit,left,forward,304,206277,204225,140,20169,final_hold
rise_4,fit,left,forward,305,206287,204225,140,20188,final_hold
rise_4,fit,left,forward,306,206297,204225,140,20207,final_hold
rise_4,fit,left,forward,307,206307,204225,140,20226,final_hold
rise_4,fit,left,forward,308,206317,204225,140,20244,final_hold
rise_4,fit,left,forward,309,206327,204225,140,20263,final_hold
rise_4,fit,left,forward,310,206337,204225,140,20282,final_hold
rise_4,fit,left,forward,311,206347,204225,140,20300,final_hold
rise_4,fit,left,forward,312,206357,204225,140,20319,final_hold
rise_4,fit,left,forward,313,206367,204225,140,20338,final_hold
rise_4,fit,left,forward,314,206377,204225,140,20357,final_hold
rise_4,fit,left,forward,315,206387,204225,140,20375,final_hold
rise_4,fit,left,forward,316,206397,204225,140,20394,final_hold
rise_4,fit,left,forward,317,206407,204225,140,20413,final_hold
rise_4,fit,left,forward,318,206417,204225,140,20432,final_hold
rise_4,fit,left,forward,319,206427,204225,140,20450,final_hold
rise_4,fit,left,forward,320,206437,204225,140,20469,final_hold
rise_4,fit,left,forward,321,206447,204225,140,20488,final_hold
rise_4,fit,left,forward,322,206457,204225,140,20507,final_hold
rise_4,fit,left,forward,323,206467,204225,140,20526,final_hold
rise_4,fit,left,forward,324,206477,204225,140,20544,final_hold
rise_4,fit,left,forward,325,206487,204225,140,20563,final_hold
rise_4,fit,left,forward,326,206497,204225,140,20582,final_hold
rise_4,fit,left,forward,327,206507,204225,140,20601,final_hold
rise_4,fit,left,forward,328,206517,204225,140,20619,final_hold
rise_4,fit,left,forward,329,206527,204225,140,20638,final_hold
rise_4,fit,left,forward,330,206537,204225,140,20657,final_hold
rise_4,fit,left,forward,331,206547,204225,140,20676,final_hold
rise_4,fit,left,forward,332,206557,204225,140,20694,final_hold
rise_4,fit,left,forward,333,206567,204225,140,20713,final_hold
rise_4,fit,left,forward,334,206577,204225,140,20732,final_hold
rise_4,fit,left,forward,335,206587,204225,140,20751,final_hold
rise_4,fit,left,forward,336,206597,204225,140,20770,final_hold
rise_4,fit,left,forward,337,206607,204225,140,20788,final_hold
rise_4,fit,left,forward,338,206617,204225,140,20807,final_hold
rise_4,fit,left,forward,339,206627,204225,140,20826,final_hold
rise_5,fit,left,forward,0,207637,208627,60,21118,initial_hold
rise_5,fit,left,forward,1,207647,208627,60,21118,initial_hold
rise_5,fit,left,forward,2,207657,208627,60,21118,initial_hold
rise_5,fit,left,forward,3,207667,208627,60,21118,initial_hold
rise_5,fit,left,forward,4,207677,208627,60,21118,initial_hold
rise_5,fit,left,forward,5,207687,208627,60,21118,initial_hold
rise_5,fit,left,forward,6,207697,208627,60,21118,initial_hold
rise_5,fit,left,forward,7,207707,208627,60,21118,initial_hold
rise_5,fit,left,forward,8,207717,208627,60,21118,initial_hold
rise_5,fit,left,forward,9,207727,208627,60,21118,initial_hold
rise_5,fit,left,forward,10,207737,208627,60,21118,initial_hold
rise_5,fit,left,forward,11,207747,208627,60,21119,initial_hold
rise_5,fit,left,forward,12,207757,208627,60,21120,initial_hold
rise_5,fit,left,forward,13,207767,208627,60,21124,initial_hold
rise_5,fit,left,forward,14,207777,208627,60,21128,initial_hold
rise_5,fit,left,forward,15,207787,208627,60,21132,initial_hold
rise_5,fit,left,forward,16,207797,208627,60,21138,initial_hold
rise_5,fit,left,forward,17,207807,208627,60,21143,initial_hold
rise_5,fit,left,forward,18,207817,208627,60,21149,initial_hold
rise_5,fit,left,forward,19,207827,208627,60,21155,initial_hold
rise_5,fit,left,forward,20,207837,208627,60,21162,initial_hold
rise_5,fit,left,forward,21,207847,208627,60,21168,initial_hold
rise_5,fit,left,forward,22,207857,208627,60,21175,initial_hold
rise_5,fit,left,forward,23,207867,208627,60,21181,initial_hold
rise_5,fit,left,forward,24,207877,208627,60,21188,initial_hold
rise_5,fit,left,forward,25,207887,208627,60,21195,initial_hold
rise_5,fit,left,forward,26,207897,208627,60,21202,initial_hold
rise_5,fit,left,forward,27,207907,208627,60,21209,initial_hold
rise_5,fit,left,forward,28,207917,208627,60,21216,initial_hold
rise_5,fit,left,forward,29,207927,208627,60,21224,initial_hold
rise_5,fit,left,forward,30,207937,208627,60,21231,initial_hold
rise_5,fit,left,forward,31,207947,208627,60,21238,initial_hold
rise_5,fit,left,forward,32,207957,208627,60,21245,initial_hold
rise_5,fit,left,forward,33,207967,208627,60,21253,initial_hold
rise_5,fit,left,forward,34,207977,208627,60,21260,initial_hold
rise_5,fit,left,forward,35,207987,208627,60,21267,initial_hold
rise_5,fit,left,forward,36,207997,208627,60,21275,initial_hold
rise_5,fit,left,forward,37,208007,208627,60,21282,initial_hold
rise_5,fit,left,forward,38,208017,208627,60,21290,initial_hold
rise_5,fit,left,forward,39,208027,208627,60,21297,initial_hold
rise_5,fit,left,forward,40,208037,208627,60,21304,initial_hold
rise_5,fit,left,forward,41,208047,208627,60,21312,initial_hold
rise_5,fit,left,forward,42,208057,208627,60,21319,initial_hold
rise_5,fit,left,forward,43,208067,208627,60,21327,initial_hold
rise_5,fit,left,forward,44,208077,208627,60,21334,initial_hold
rise_5,fit,left,forward,45,208087,208627,60,21341,initial_hold
rise_5,fit,left,forward,46,208097,208627,60,21349,initial_hold
rise_5,fit,left,forward,47,208108,208627,60,21357,initial_hold
rise_5,fit,left,forward,48,208118,208627,60,21364,initial_hold
rise_5,fit,left,forward,49,208128,208627,60,21372,initial_hold
rise_5,fit,left,forward,50,208138,208627,60,21379,initial_hold
rise_5,fit,left,forward,51,208148,208627,60,21387,initial_hold
rise_5,fit,left,forward,52,208158,208627,60,21394,initial_hold
rise_5,fit,left,forward,53,208168,208627,60,21401,initial_hold
rise_5,fit,left,forward,54,208178,208627,60,21409,initial_hold
rise_5,fit,left,forward,55,208188,208627,60,21416,initial_hold
rise_5,fit,left,forward,56,208198,208627,60,21424,initial_hold
rise_5,fit,left,forward,57,208208,208627,60,21431,initial_hold
rise_5,fit,left,forward,58,208218,208627,60,21439,initial_hold
rise_5,fit,left,forward,59,208228,208627,60,21446,initial_hold
rise_5,fit,left,forward,60,208238,208627,60,21454,initial_hold
rise_5,fit,left,forward,61,208248,208627,60,21462,initial_hold
rise_5,fit,left,forward,62,208258,208627,60,21469,initial_hold
rise_5,fit,left,forward,63,208268,208627,60,21477,initial_hold
rise_5,fit,left,forward,64,208278,208627,60,21484,initial_hold
rise_5,fit,left,forward,65,208288,208627,60,21492,initial_hold
rise_5,fit,left,forward,66,208298,208627,60,21499,initial_hold
rise_5,fit,left,forward,67,208308,208627,60,21507,initial_hold
rise_5,fit,left,forward,68,208318,208627,60,21514,initial_hold
rise_5,fit,left,forward,69,208328,208627,60,21522,initial_hold
rise_5,fit,left,forward,70,208338,208627,60,21530,initial_hold
rise_5,fit,left,forward,71,208348,208627,60,21537,initial_hold
rise_5,fit,left,forward,72,208358,208627,60,21545,initial_hold
rise_5,fit,left,forward,73,208368,208627,60,21552,initial_hold
rise_5,fit,left,forward,74,208378,208627,60,21560,initial_hold
rise_5,fit,left,forward,75,208388,208627,60,21567,initial_hold
rise_5,fit,left,forward,76,208398,208627,60,21575,initial_hold
rise_5,fit,left,forward,77,208408,208627,60,21582,initial_hold
rise_5,fit,left,forward,78,208418,208627,60,21590,initial_hold
rise_5,fit,left,forward,79,208428,208627,60,21598,initial_hold
rise_5,fit,left,forward,80,208438,208627,60,21605,initial_hold
rise_5,fit,left,forward,81,208448,208627,60,21613,initial_hold
rise_5,fit,left,forward,82,208458,208627,60,21620,initial_hold
rise_5,fit,left,forward,83,208468,208627,60,21628,initial_hold
rise_5,fit,left,forward,84,208478,208627,60,21635,initial_hold
rise_5,fit,left,forward,85,208488,208627,60,21643,initial_hold
rise_5,fit,left,forward,86,208498,208627,60,21650,initial_hold
rise_5,fit,left,forward,87,208508,208627,60,21658,initial_hold
rise_5,fit,left,forward,88,208518,208627,60,21666,initial_hold
rise_5,fit,left,forward,89,208528,208627,60,21673,initial_hold
rise_5,fit,left,forward,90,208538,208627,60,21681,initial_hold
rise_5,fit,left,forward,91,208548,208627,60,21688,initial_hold
rise_5,fit,left,forward,92,208558,208627,60,21696,initial_hold
rise_5,fit,left,forward,93,208568,208627,60,21703,initial_hold
rise_5,fit,left,forward,94,208578,208627,60,21711,initial_hold
rise_5,fit,left,forward,95,208588,208627,60,21718,initial_hold
rise_5,fit,left,forward,96,208598,208627,60,21726,initial_hold
rise_5,fit,left,forward,97,208608,208627,60,21734,initial_hold
rise_5,fit,left,forward,98,208618,208627,60,21741,initial_hold
rise_5,fit,left,forward,99,208628,208627,60,21748,initial_hold
rise_5,fit,left,forward,100,208638,208627,140,21756,transient
rise_5,fit,left,forward,101,208648,208627,140,21764,transient
rise_5,fit,left,forward,102,208658,208627,140,21771,transient
rise_5,fit,left,forward,103,208668,208627,140,21779,transient
rise_5,fit,left,forward,104,208678,208627,140,21787,transient
rise_5,fit,left,forward,105,208688,208627,140,21796,transient
rise_5,fit,left,forward,106,208698,208627,140,21804,transient
rise_5,fit,left,forward,107,208708,208627,140,21814,transient
rise_5,fit,left,forward,108,208718,208627,140,21824,transient
rise_5,fit,left,forward,109,208728,208627,140,21836,transient
rise_5,fit,left,forward,110,208738,208627,140,21848,transient
rise_5,fit,left,forward,111,208748,208627,140,21860,transient
rise_5,fit,left,forward,112,208758,208627,140,21874,transient
rise_5,fit,left,forward,113,208768,208627,140,21888,transient
rise_5,fit,left,forward,114,208778,208627,140,21903,transient
rise_5,fit,left,forward,115,208788,208627,140,21918,transient
rise_5,fit,left,forward,116,208798,208627,140,21934,transient
rise_5,fit,left,forward,117,208808,208627,140,21950,transient
rise_5,fit,left,forward,118,208818,208627,140,21966,transient
rise_5,fit,left,forward,119,208828,208627,140,21983,transient
rise_5,fit,left,forward,120,208838,208627,140,22000,transient
rise_5,fit,left,forward,121,208848,208627,140,22017,transient
rise_5,fit,left,forward,122,208858,208627,140,22035,transient
rise_5,fit,left,forward,123,208868,208627,140,22053,transient
rise_5,fit,left,forward,124,208878,208627,140,22070,transient
rise_5,fit,left,forward,125,208888,208627,140,22088,transient
rise_5,fit,left,forward,126,208898,208627,140,22106,transient
rise_5,fit,left,forward,127,208908,208627,140,22124,transient
rise_5,fit,left,forward,128,208918,208627,140,22143,transient
rise_5,fit,left,forward,129,208928,208627,140,22161,transient
rise_5,fit,left,forward,130,208938,208627,140,22179,transient
rise_5,fit,left,forward,131,208948,208627,140,22198,transient
rise_5,fit,left,forward,132,208958,208627,140,22216,transient
rise_5,fit,left,forward,133,208968,208627,140,22235,transient
rise_5,fit,left,forward,134,208978,208627,140,22253,transient
rise_5,fit,left,forward,135,208988,208627,140,22271,transient
rise_5,fit,left,forward,136,208998,208627,140,22290,transient
rise_5,fit,left,forward,137,209008,208627,140,22309,transient
rise_5,fit,left,forward,138,209018,208627,140,22327,transient
rise_5,fit,left,forward,139,209028,208627,140,22346,transient
rise_5,fit,left,forward,140,209038,208627,140,22365,transient
rise_5,fit,left,forward,141,209048,208627,140,22383,transient
rise_5,fit,left,forward,142,209058,208627,140,22402,transient
rise_5,fit,left,forward,143,209068,208627,140,22421,transient
rise_5,fit,left,forward,144,209078,208627,140,22439,transient
rise_5,fit,left,forward,145,209088,208627,140,22458,transient
rise_5,fit,left,forward,146,209098,208627,140,22476,transient
rise_5,fit,left,forward,147,209108,208627,140,22495,transient
rise_5,fit,left,forward,148,209118,208627,140,22514,transient
rise_5,fit,left,forward,149,209128,208627,140,22532,transient
rise_5,fit,left,forward,150,209138,208627,140,22551,transient
rise_5,fit,left,forward,151,209148,208627,140,22570,transient
rise_5,fit,left,forward,152,209158,208627,140,22589,transient
rise_5,fit,left,forward,153,209168,208627,140,22608,transient
rise_5,fit,left,forward,154,209178,208627,140,22626,transient
rise_5,fit,left,forward,155,209188,208627,140,22645,transient
rise_5,fit,left,forward,156,209198,208627,140,22664,transient
rise_5,fit,left,forward,157,209208,208627,140,22683,transient
rise_5,fit,left,forward,158,209218,208627,140,22702,transient
rise_5,fit,left,forward,159,209228,208627,140,22720,transient
rise_5,fit,left,forward,160,209238,208627,140,22739,transient
rise_5,fit,left,forward,161,209248,208627,140,22758,transient
rise_5,fit,left,forward,162,209258,208627,140,22776,transient
rise_5,fit,left,forward,163,209268,208627,140,22796,transient
rise_5,fit,left,forward,164,209278,208627,140,22814,transient
rise_5,fit,left,forward,165,209288,208627,140,22833,transient
rise_5,fit,left,forward,166,209298,208627,140,22852,transient
rise_5,fit,left,forward,167,209308,208627,140,22870,transient
rise_5,fit,left,forward,168,209318,208627,140,22889,transient
rise_5,fit,left,forward,169,209328,208627,140,22908,transient
rise_5,fit,left,forward,170,209338,208627,140,22927,transient
rise_5,fit,left,forward,171,209348,208627,140,22946,transient
rise_5,fit,left,forward,172,209358,208627,140,22964,transient
rise_5,fit,left,forward,173,209368,208627,140,22983,transient
rise_5,fit,left,forward,174,209378,208627,140,23002,transient
rise_5,fit,left,forward,175,209388,208627,140,23021,transient
rise_5,fit,left,forward,176,209398,208627,140,23039,transient
rise_5,fit,left,forward,177,209408,208627,140,23058,transient
rise_5,fit,left,forward,178,209418,208627,140,23077,transient
rise_5,fit,left,forward,179,209428,208627,140,23096,transient
rise_5,fit,left,forward,180,209438,208627,140,23115,transient
rise_5,fit,left,forward,181,209448,208627,140,23133,transient
rise_5,fit,left,forward,182,209458,208627,140,23152,transient
rise_5,fit,left,forward,183,209468,208627,140,23171,transient
rise_5,fit,left,forward,184,209478,208627,140,23190,transient
rise_5,fit,left,forward,185,209488,208627,140,23208,transient
rise_5,fit,left,forward,186,209498,208627,140,23227,transient
rise_5,fit,left,forward,187,209508,208627,140,23246,transient
rise_5,fit,left,forward,188,209518,208627,140,23265,transient
rise_5,fit,left,forward,189,209528,208627,140,23284,transient
rise_5,fit,left,forward,190,209538,208627,140,23302,transient
rise_5,fit,left,forward,191,209548,208627,140,23321,transient
rise_5,fit,left,forward,192,209558,208627,140,23340,transient
rise_5,fit,left,forward,193,209568,208627,140,23359,transient
rise_5,fit,left,forward,194,209578,208627,140,23378,transient
rise_5,fit,left,forward,195,209588,208627,140,23396,transient
rise_5,fit,left,forward,196,209598,208627,140,23415,transient
rise_5,fit,left,forward,197,209608,208627,140,23434,transient
rise_5,fit,left,forward,198,209618,208627,140,23453,transient
rise_5,fit,left,forward,199,209628,208627,140,23471,transient
rise_5,fit,left,forward,200,209638,208627,140,23490,transient
rise_5,fit,left,forward,201,209648,208627,140,23509,transient
rise_5,fit,left,forward,202,209658,208627,140,23528,transient
rise_5,fit,left,forward,203,209668,208627,140,23547,transient
rise_5,fit,left,forward,204,209678,208627,140,23566,transient
rise_5,fit,left,forward,205,209688,208627,140,23584,transient
rise_5,fit,left,forward,206,209698,208627,140,23603,transient
rise_5,fit,left,forward,207,209708,208627,140,23622,transient
rise_5,fit,left,forward,208,209718,208627,140,23640,transient
rise_5,fit,left,forward,209,209728,208627,140,23659,transient
rise_5,fit,left,forward,210,209738,208627,140,23678,transient
rise_5,fit,left,forward,211,209748,208627,140,23697,transient
rise_5,fit,left,forward,212,209758,208627,140,23716,transient
rise_5,fit,left,forward,213,209768,208627,140,23734,transient
rise_5,fit,left,forward,214,209778,208627,140,23753,transient
rise_5,fit,left,forward,215,209788,208627,140,23772,transient
rise_5,fit,left,forward,216,209798,208627,140,23791,transient
rise_5,fit,left,forward,217,209808,208627,140,23810,transient
rise_5,fit,left,forward,218,209818,208627,140,23828,transient
rise_5,fit,left,forward,219,209828,208627,140,23847,transient
rise_5,fit,left,forward,220,209838,208627,140,23866,transient
rise_5,fit,left,forward,221,209848,208627,140,23885,transient
rise_5,fit,left,forward,222,209858,208627,140,23903,transient
rise_5,fit,left,forward,223,209868,208627,140,23922,transient
rise_5,fit,left,forward,224,209878,208627,140,23941,transient
rise_5,fit,left,forward,225,209888,208627,140,23960,transient
rise_5,fit,left,forward,226,209898,208627,140,23979,transient
rise_5,fit,left,forward,227,209908,208627,140,23997,transient
rise_5,fit,left,forward,228,209918,208627,140,24016,transient
rise_5,fit,left,forward,229,209928,208627,140,24035,transient
rise_5,fit,left,forward,230,209938,208627,140,24054,transient
rise_5,fit,left,forward,231,209948,208627,140,24073,transient
rise_5,fit,left,forward,232,209958,208627,140,24091,transient
rise_5,fit,left,forward,233,209968,208627,140,24110,transient
rise_5,fit,left,forward,234,209978,208627,140,24129,transient
rise_5,fit,left,forward,235,209988,208627,140,24148,transient
rise_5,fit,left,forward,236,209998,208627,140,24166,transient
rise_5,fit,left,forward,237,210008,208627,140,24185,transient
rise_5,fit,left,forward,238,210018,208627,140,24204,transient
rise_5,fit,left,forward,239,210028,208627,140,24223,transient
rise_5,fit,left,forward,240,210038,208627,140,24242,final_hold
rise_5,fit,left,forward,241,210048,208627,140,24260,final_hold
rise_5,fit,left,forward,242,210058,208627,140,24279,final_hold
rise_5,fit,left,forward,243,210068,208627,140,24298,final_hold
rise_5,fit,left,forward,244,210078,208627,140,24316,final_hold
rise_5,fit,left,forward,245,210088,208627,140,24336,final_hold
rise_5,fit,left,forward,246,210098,208627,140,24354,final_hold
rise_5,fit,left,forward,247,210109,208627,140,24375,final_hold
rise_5,fit,left,forward,248,210119,208627,140,24394,final_hold
rise_5,fit,left,forward,249,210129,208627,140,24412,final_hold
rise_5,fit,left,forward,250,210139,208627,140,24431,final_hold
rise_5,fit,left,forward,251,210149,208627,140,24450,final_hold
rise_5,fit,left,forward,252,210159,208627,140,24468,final_hold
rise_5,fit,left,forward,253,210169,208627,140,24487,final_hold
rise_5,fit,left,forward,254,210179,208627,140,24506,final_hold
rise_5,fit,left,forward,255,210189,208627,140,24525,final_hold
rise_5,fit,left,forward,256,210199,208627,140,24544,final_hold
rise_5,fit,left,forward,257,210209,208627,140,24562,final_hold
rise_5,fit,left,forward,258,210219,208627,140,24581,final_hold
rise_5,fit,left,forward,259,210229,208627,140,24600,final_hold
rise_5,fit,left,forward,260,210239,208627,140,24619,final_hold
rise_5,fit,left,forward,261,210249,208627,140,24637,final_hold
rise_5,fit,left,forward,262,210259,208627,140,24656,final_hold
rise_5,fit,left,forward,263,210269,208627,140,24675,final_hold
rise_5,fit,left,forward,264,210279,208627,140,24694,final_hold
rise_5,fit,left,forward,265,210289,208627,140,24712,final_hold
rise_5,fit,left,forward,266,210299,208627,140,24731,final_hold
rise_5,fit,left,forward,267,210309,208627,140,24750,final_hold
rise_5,fit,left,forward,268,210319,208627,140,24769,final_hold
rise_5,fit,left,forward,269,210329,208627,140,24788,final_hold
rise_5,fit,left,forward,270,210339,208627,140,24806,final_hold
rise_5,fit,left,forward,271,210349,208627,140,24825,final_hold
rise_5,fit,left,forward,272,210359,208627,140,24844,final_hold
rise_5,fit,left,forward,273,210369,208627,140,24863,final_hold
rise_5,fit,left,forward,274,210379,208627,140,24882,final_hold
rise_5,fit,left,forward,275,210389,208627,140,24900,final_hold
rise_5,fit,left,forward,276,210399,208627,140,24919,final_hold
rise_5,fit,left,forward,277,210409,208627,140,24938,final_hold
rise_5,fit,left,forward,278,210419,208627,140,24956,final_hold
rise_5,fit,left,forward,279,210429,208627,140,24975,final_hold
rise_5,fit,left,forward,280,210439,208627,140,24994,final_hold
rise_5,fit,left,forward,281,210449,208627,140,25013,final_hold
rise_5,fit,left,forward,282,210459,208627,140,25031,final_hold
rise_5,fit,left,forward,283,210469,208627,140,25050,final_hold
rise_5,fit,left,forward,284,210479,208627,140,25069,final_hold
rise_5,fit,left,forward,285,210489,208627,140,25088,final_hold
rise_5,fit,left,forward,286,210499,208627,140,25107,final_hold
rise_5,fit,left,forward,287,210509,208627,140,25126,final_hold
rise_5,fit,left,forward,288,210519,208627,140,25144,final_hold
rise_5,fit,left,forward,289,210529,208627,140,25163,final_hold
rise_5,fit,left,forward,290,210539,208627,140,25182,final_hold
rise_5,fit,left,forward,291,210549,208627,140,25200,final_hold
rise_5,fit,left,forward,292,210559,208627,140,25219,final_hold
rise_5,fit,left,forward,293,210569,208627,140,25238,final_hold
rise_5,fit,left,forward,294,210579,208627,140,25257,final_hold
rise_5,fit,left,forward,295,210589,208627,140,25276,final_hold
rise_5,fit,left,forward,296,210599,208627,140,25295,final_hold
rise_5,fit,left,forward,297,210609,208627,140,25313,final_hold
rise_5,fit,left,forward,298,210619,208627,140,25332,final_hold
rise_5,fit,left,forward,299,210629,208627,140,25351,final_hold
rise_5,fit,left,forward,300,210639,208627,140,25369,final_hold
rise_5,fit,left,forward,301,210649,208627,140,25388,final_hold
rise_5,fit,left,forward,302,210659,208627,140,25407,final_hold
rise_5,fit,left,forward,303,210669,208627,140,25426,final_hold
rise_5,fit,left,forward,304,210679,208627,140,25444,final_hold
rise_5,fit,left,forward,305,210689,208627,140,25463,final_hold
rise_5,fit,left,forward,306,210699,208627,140,25482,final_hold
rise_5,fit,left,forward,307,210709,208627,140,25501,final_hold
rise_5,fit,left,forward,308,210719,208627,140,25520,final_hold
rise_5,fit,left,forward,309,210729,208627,140,25538,final_hold
rise_5,fit,left,forward,310,210739,208627,140,25557,final_hold
rise_5,fit,left,forward,311,210749,208627,140,25576,final_hold
rise_5,fit,left,forward,312,210759,208627,140,25595,final_hold
rise_5,fit,left,forward,313,210769,208627,140,25613,final_hold
rise_5,fit,left,forward,314,210779,208627,140,25632,final_hold
rise_5,fit,left,forward,315,210789,208627,140,25651,final_hold
rise_5,fit,left,forward,316,210799,208627,140,25670,final_hold
rise_5,fit,left,forward,317,210809,208627,140,25689,final_hold
rise_5,fit,left,forward,318,210819,208627,140,25707,final_hold
rise_5,fit,left,forward,319,210829,208627,140,25726,final_hold
rise_5,fit,left,forward,320,210839,208627,140,25745,final_hold
rise_5,fit,left,forward,321,210849,208627,140,25763,final_hold
rise_5,fit,left,forward,322,210859,208627,140,25782,final_hold
rise_5,fit,left,forward,323,210869,208627,140,25801,final_hold
rise_5,fit,left,forward,324,210879,208627,140,25820,final_hold
rise_5,fit,left,forward,325,210889,208627,140,25838,final_hold
rise_5,fit,left,forward,326,210899,208627,140,25857,final_hold
rise_5,fit,left,forward,327,210909,208627,140,25876,final_hold
rise_5,fit,left,forward,328,210919,208627,140,25895,final_hold
rise_5,fit,left,forward,329,210929,208627,140,25914,final_hold
rise_5,fit,left,forward,330,210939,208627,140,25932,final_hold
rise_5,fit,left,forward,331,210949,208627,140,25951,final_hold
rise_5,fit,left,forward,332,210959,208627,140,25970,final_hold
rise_5,fit,left,forward,333,210969,208627,140,25989,final_hold
rise_5,fit,left,forward,334,210979,208627,140,26007,final_hold
rise_5,fit,left,forward,335,210989,208627,140,26026,final_hold
rise_5,fit,left,forward,336,210999,208627,140,26045,final_hold
rise_5,fit,left,forward,337,211009,208627,140,26064,final_hold
rise_5,fit,left,forward,338,211019,208627,140,26082,final_hold
rise_5,fit,left,forward,339,211029,208627,140,26101,final_hold
fall_1,held back,left,forward,0,212039,213029,140,26386,initial_hold
fall_1,held back,left,forward,1,212049,213029,140,26386,initial_hold
fall_1,held back,left,forward,2,212059,213029,140,26386,initial_hold
fall_1,held back,left,forward,3,212069,213029,140,26386,initial_hold
fall_1,held back,left,forward,4,212079,213029,140,26386,initial_hold
fall_1,held back,left,forward,5,212089,213029,140,26386,initial_hold
fall_1,held back,left,forward,6,212099,213029,140,26386,initial_hold
fall_1,held back,left,forward,7,212110,213029,140,26386,initial_hold
fall_1,held back,left,forward,8,212120,213029,140,26386,initial_hold
fall_1,held back,left,forward,9,212130,213029,140,26386,initial_hold
fall_1,held back,left,forward,10,212140,213029,140,26387,initial_hold
fall_1,held back,left,forward,11,212150,213029,140,26388,initial_hold
fall_1,held back,left,forward,12,212160,213029,140,26391,initial_hold
fall_1,held back,left,forward,13,212170,213029,140,26396,initial_hold
fall_1,held back,left,forward,14,212180,213029,140,26402,initial_hold
fall_1,held back,left,forward,15,212190,213029,140,26410,initial_hold
fall_1,held back,left,forward,16,212200,213029,140,26419,initial_hold
fall_1,held back,left,forward,17,212210,213029,140,26429,initial_hold
fall_1,held back,left,forward,18,212220,213029,140,26440,initial_hold
fall_1,held back,left,forward,19,212230,213029,140,26452,initial_hold
fall_1,held back,left,forward,20,212240,213029,140,26465,initial_hold
fall_1,held back,left,forward,21,212250,213029,140,26478,initial_hold
fall_1,held back,left,forward,22,212260,213029,140,26492,initial_hold
fall_1,held back,left,forward,23,212270,213029,140,26507,initial_hold
fall_1,held back,left,forward,24,212280,213029,140,26523,initial_hold
fall_1,held back,left,forward,25,212290,213029,140,26538,initial_hold
fall_1,held back,left,forward,26,212300,213029,140,26555,initial_hold
fall_1,held back,left,forward,27,212310,213029,140,26571,initial_hold
fall_1,held back,left,forward,28,212320,213029,140,26588,initial_hold
fall_1,held back,left,forward,29,212330,213029,140,26606,initial_hold
fall_1,held back,left,forward,30,212340,213029,140,26623,initial_hold
fall_1,held back,left,forward,31,212350,213029,140,26640,initial_hold
fall_1,held back,left,forward,32,212360,213029,140,26658,initial_hold
fall_1,held back,left,forward,33,212370,213029,140,26676,initial_hold
fall_1,held back,left,forward,34,212380,213029,140,26694,initial_hold
fall_1,held back,left,forward,35,212390,213029,140,26712,initial_hold
fall_1,held back,left,forward,36,212400,213029,140,26730,initial_hold
fall_1,held back,left,forward,37,212410,213029,140,26748,initial_hold
fall_1,held back,left,forward,38,212420,213029,140,26767,initial_hold
fall_1,held back,left,forward,39,212430,213029,140,26785,initial_hold
fall_1,held back,left,forward,40,212440,213029,140,26804,initial_hold
fall_1,held back,left,forward,41,212450,213029,140,26822,initial_hold
fall_1,held back,left,forward,42,212460,213029,140,26840,initial_hold
fall_1,held back,left,forward,43,212470,213029,140,26859,initial_hold
fall_1,held back,left,forward,44,212480,213029,140,26878,initial_hold
fall_1,held back,left,forward,45,212490,213029,140,26896,initial_hold
fall_1,held back,left,forward,46,212500,213029,140,26915,initial_hold
fall_1,held back,left,forward,47,212510,213029,140,26934,initial_hold
fall_1,held back,left,forward,48,212520,213029,140,26952,initial_hold
fall_1,held back,left,forward,49,212530,213029,140,26971,initial_hold
fall_1,held back,left,forward,50,212540,213029,140,26990,initial_hold
fall_1,held back,left,forward,51,212550,213029,140,27009,initial_hold
fall_1,held back,left,forward,52,212560,213029,140,27027,initial_hold
fall_1,held back,left,forward,53,212570,213029,140,27046,initial_hold
fall_1,held back,left,forward,54,212580,213029,140,27064,initial_hold
fall_1,held back,left,forward,55,212590,213029,140,27083,initial_hold
fall_1,held back,left,forward,56,212600,213029,140,27102,initial_hold
fall_1,held back,left,forward,57,212610,213029,140,27120,initial_hold
fall_1,held back,left,forward,58,212620,213029,140,27139,initial_hold
fall_1,held back,left,forward,59,212630,213029,140,27158,initial_hold
fall_1,held back,left,forward,60,212640,213029,140,27177,initial_hold
fall_1,held back,left,forward,61,212650,213029,140,27196,initial_hold
fall_1,held back,left,forward,62,212660,213029,140,27214,initial_hold
fall_1,held back,left,forward,63,212670,213029,140,27233,initial_hold
fall_1,held back,left,forward,64,212680,213029,140,27252,initial_hold
fall_1,held back,left,forward,65,212690,213029,140,27271,initial_hold
fall_1,held back,left,forward,66,212700,213029,140,27290,initial_hold
fall_1,held back,left,forward,67,212710,213029,140,27309,initial_hold
fall_1,held back,left,forward,68,212720,213029,140,27327,initial_hold
fall_1,held back,left,forward,69,212730,213029,140,27346,initial_hold
fall_1,held back,left,forward,70,212740,213029,140,27365,initial_hold
fall_1,held back,left,forward,71,212750,213029,140,27384,initial_hold
fall_1,held back,left,forward,72,212760,213029,140,27403,initial_hold
fall_1,held back,left,forward,73,212770,213029,140,27422,initial_hold
fall_1,held back,left,forward,74,212780,213029,140,27440,initial_hold
fall_1,held back,left,forward,75,212790,213029,140,27459,initial_hold
fall_1,held back,left,forward,76,212800,213029,140,27478,initial_hold
fall_1,held back,left,forward,77,212810,213029,140,27497,initial_hold
fall_1,held back,left,forward,78,212820,213029,140,27516,initial_hold
fall_1,held back,left,forward,79,212830,213029,140,27534,initial_hold
fall_1,held back,left,forward,80,212840,213029,140,27553,initial_hold
fall_1,held back,left,forward,81,212850,213029,140,27572,initial_hold
fall_1,held back,left,forward,82,212860,213029,140,27591,initial_hold
fall_1,held back,left,forward,83,212870,213029,140,27610,initial_hold
fall_1,held back,left,forward,84,212880,213029,140,27629,initial_hold
fall_1,held back,left,forward,85,212890,213029,140,27648,initial_hold
fall_1,held back,left,forward,86,212900,213029,140,27666,initial_hold
fall_1,held back,left,forward,87,212910,213029,140,27685,initial_hold
fall_1,held back,left,forward,88,212920,213029,140,27704,initial_hold
fall_1,held back,left,forward,89,212930,213029,140,27723,initial_hold
fall_1,held back,left,forward,90,212940,213029,140,27742,initial_hold
fall_1,held back,left,forward,91,212950,213029,140,27761,initial_hold
fall_1,held back,left,forward,92,212960,213029,140,27780,initial_hold
fall_1,held back,left,forward,93,212970,213029,140,27798,initial_hold
fall_1,held back,left,forward,94,212980,213029,140,27817,initial_hold
fall_1,held back,left,forward,95,212990,213029,140,27836,initial_hold
fall_1,held back,left,forward,96,213000,213029,140,27855,initial_hold
fall_1,held back,left,forward,97,213010,213029,140,27874,initial_hold
fall_1,held back,left,forward,98,213020,213029,140,27892,initial_hold
fall_1,held back,left,forward,99,213030,213029,140,27911,initial_hold
fall_1,held back,left,forward,100,213040,213029,60,27930,transient
fall_1,held back,left,forward,101,213050,213029,60,27949,transient
fall_1,held back,left,forward,102,213060,213029,60,27968,transient
fall_1,held back,left,forward,103,213070,213029,60,27986,transient
fall_1,held back,left,forward,104,213080,213029,60,28004,transient
fall_1,held back,left,forward,105,213090,213029,60,28022,transient
fall_1,held back,left,forward,106,213100,213029,60,28040,transient
fall_1,held back,left,forward,107,213110,213029,60,28056,transient
fall_1,held back,left,forward,108,213120,213029,60,28072,transient
fall_1,held back,left,forward,109,213130,213029,60,28088,transient
fall_1,held back,left,forward,110,213140,213029,60,28102,transient
fall_1,held back,left,forward,111,213150,213029,60,28116,transient
fall_1,held back,left,forward,112,213160,213029,60,28129,transient
fall_1,held back,left,forward,113,213170,213029,60,28141,transient
fall_1,held back,left,forward,114,213180,213029,60,28152,transient
fall_1,held back,left,forward,115,213190,213029,60,28163,transient
fall_1,held back,left,forward,116,213200,213029,60,28174,transient
fall_1,held back,left,forward,117,213210,213029,60,28184,transient
fall_1,held back,left,forward,118,213220,213029,60,28194,transient
fall_1,held back,left,forward,119,213230,213029,60,28204,transient
fall_1,held back,left,forward,120,213240,213029,60,28213,transient
fall_1,held back,left,forward,121,213250,213029,60,28222,transient
fall_1,held back,left,forward,122,213260,213029,60,28231,transient
fall_1,held back,left,forward,123,213270,213029,60,28239,transient
fall_1,held back,left,forward,124,213280,213029,60,28248,transient
fall_1,held back,left,forward,125,213290,213029,60,28256,transient
fall_1,held back,left,forward,126,213300,213029,60,28264,transient
fall_1,held back,left,forward,127,213310,213029,60,28272,transient
fall_1,held back,left,forward,128,213320,213029,60,28281,transient
fall_1,held back,left,forward,129,213330,213029,60,28288,transient
fall_1,held back,left,forward,130,213340,213029,60,28296,transient
fall_1,held back,left,forward,131,213350,213029,60,28304,transient
fall_1,held back,left,forward,132,213360,213029,60,28312,transient
fall_1,held back,left,forward,133,213370,213029,60,28320,transient
fall_1,held back,left,forward,134,213380,213029,60,28328,transient
fall_1,held back,left,forward,135,213390,213029,60,28335,transient
fall_1,held back,left,forward,136,213400,213029,60,28343,transient
fall_1,held back,left,forward,137,213410,213029,60,28351,transient
fall_1,held back,left,forward,138,213420,213029,60,28358,transient
fall_1,held back,left,forward,139,213430,213029,60,28366,transient
fall_1,held back,left,forward,140,213440,213029,60,28374,transient
fall_1,held back,left,forward,141,213450,213029,60,28381,transient
fall_1,held back,left,forward,142,213460,213029,60,28389,transient
fall_1,held back,left,forward,143,213470,213029,60,28396,transient
fall_1,held back,left,forward,144,213480,213029,60,28404,transient
fall_1,held back,left,forward,145,213490,213029,60,28411,transient
fall_1,held back,left,forward,146,213500,213029,60,28419,transient
fall_1,held back,left,forward,147,213510,213029,60,28426,transient
fall_1,held back,left,forward,148,213520,213029,60,28434,transient
fall_1,held back,left,forward,149,213530,213029,60,28441,transient
fall_1,held back,left,forward,150,213540,213029,60,28449,transient
fall_1,held back,left,forward,151,213550,213029,60,28456,transient
fall_1,held back,left,forward,152,213560,213029,60,28464,transient
fall_1,held back,left,forward,153,213570,213029,60,28472,transient
fall_1,held back,left,forward,154,213580,213029,60,28479,transient
fall_1,held back,left,forward,155,213590,213029,60,28487,transient
fall_1,held back,left,forward,156,213600,213029,60,28494,transient
fall_1,held back,left,forward,157,213610,213029,60,28502,transient
fall_1,held back,left,forward,158,213620,213029,60,28509,transient
fall_1,held back,left,forward,159,213630,213029,60,28517,transient
fall_1,held back,left,forward,160,213640,213029,60,28524,transient
fall_1,held back,left,forward,161,213650,213029,60,28532,transient
fall_1,held back,left,forward,162,213660,213029,60,28540,transient
fall_1,held back,left,forward,163,213670,213029,60,28547,transient
fall_1,held back,left,forward,164,213680,213029,60,28555,transient
fall_1,held back,left,forward,165,213690,213029,60,28562,transient
fall_1,held back,left,forward,166,213700,213029,60,28570,transient
fall_1,held back,left,forward,167,213710,213029,60,28577,transient
fall_1,held back,left,forward,168,213720,213029,60,28585,transient
fall_1,held back,left,forward,169,213730,213029,60,28592,transient
fall_1,held back,left,forward,170,213740,213029,60,28600,transient
fall_1,held back,left,forward,171,213750,213029,60,28608,transient
fall_1,held back,left,forward,172,213760,213029,60,28615,transient
fall_1,held back,left,forward,173,213770,213029,60,28623,transient
fall_1,held back,left,forward,174,213780,213029,60,28630,transient
fall_1,held back,left,forward,175,213790,213029,60,28638,transient
fall_1,held back,left,forward,176,213800,213029,60,28645,transient
fall_1,held back,left,forward,177,213810,213029,60,28653,transient
fall_1,held back,left,forward,178,213820,213029,60,28660,transient
fall_1,held back,left,forward,179,213830,213029,60,28668,transient
fall_1,held back,left,forward,180,213840,213029,60,28676,transient
fall_1,held back,left,forward,181,213850,213029,60,28683,transient
fall_1,held back,left,forward,182,213860,213029,60,28691,transient
fall_1,held back,left,forward,183,213870,213029,60,28698,transient
fall_1,held back,left,forward,184,213880,213029,60,28706,transient
fall_1,held back,left,forward,185,213890,213029,60,28713,transient
fall_1,held back,left,forward,186,213900,213029,60,28721,transient
fall_1,held back,left,forward,187,213910,213029,60,28728,transient
fall_1,held back,left,forward,188,213920,213029,60,28736,transient
fall_1,held back,left,forward,189,213930,213029,60,28744,transient
fall_1,held back,left,forward,190,213940,213029,60,28751,transient
fall_1,held back,left,forward,191,213950,213029,60,28759,transient
fall_1,held back,left,forward,192,213960,213029,60,28766,transient
fall_1,held back,left,forward,193,213970,213029,60,28774,transient
fall_1,held back,left,forward,194,213980,213029,60,28782,transient
fall_1,held back,left,forward,195,213990,213029,60,28789,transient
fall_1,held back,left,forward,196,214000,213029,60,28796,transient
fall_1,held back,left,forward,197,214010,213029,60,28804,transient
fall_1,held back,left,forward,198,214020,213029,60,28812,transient
fall_1,held back,left,forward,199,214030,213029,60,28819,transient
fall_1,held back,left,forward,200,214040,213029,60,28827,transient
fall_1,held back,left,forward,201,214050,213029,60,28834,transient
fall_1,held back,left,forward,202,214060,213029,60,28842,transient
fall_1,held back,left,forward,203,214070,213029,60,28849,transient
fall_1,held back,left,forward,204,214080,213029,60,28857,transient
fall_1,held back,left,forward,205,214090,213029,60,28864,transient
fall_1,held back,left,forward,206,214100,213029,60,28872,transient
fall_1,held back,left,forward,207,214111,213029,60,28880,transient
fall_1,held back,left,forward,208,214121,213029,60,28888,transient
fall_1,held back,left,forward,209,214131,213029,60,28895,transient
fall_1,held back,left,forward,210,214141,213029,60,28903,transient
fall_1,held back,left,forward,211,214151,213029,60,28910,transient
fall_1,held back,left,forward,212,214161,213029,60,28918,transient
fall_1,held back,left,forward,213,214171,213029,60,28926,transient
fall_1,held back,left,forward,214,214181,213029,60,28933,transient
fall_1,held back,left,forward,215,214191,213029,60,28941,transient
fall_1,held back,left,forward,216,214201,213029,60,28948,transient
fall_1,held back,left,forward,217,214211,213029,60,28956,transient
fall_1,held back,left,forward,218,214221,213029,60,28963,transient
fall_1,held back,left,forward,219,214231,213029,60,28971,transient
fall_1,held back,left,forward,220,214241,213029,60,28978,transient
fall_1,held back,left,forward,221,214251,213029,60,28986,transient
fall_1,held back,left,forward,222,214261,213029,60,28994,transient
fall_1,held back,left,forward,223,214271,213029,60,29001,transient
fall_1,held back,left,forward,224,214281,213029,60,29009,transient
fall_1,held back,left,forward,225,214291,213029,60,29016,transient
fall_1,held back,left,forward,226,214301,213029,60,29024,transient
fall_1,held back,left,forward,227,214311,213029,60,29031,transient
fall_1,held back,left,forward,228,214321,213029,60,29039,transient
fall_1,held back,left,forward,229,214331,213029,60,29046,transient
fall_1,held back,left,forward,230,214341,213029,60,29054,transient
fall_1,held back,left,forward,231,214351,213029,60,29062,transient
fall_1,held back,left,forward,232,214361,213029,60,29069,transient
fall_1,held back,left,forward,233,214371,213029,60,29077,transient
fall_1,held back,left,forward,234,214381,213029,60,29084,transient
fall_1,held back,left,forward,235,214391,213029,60,29092,transient
fall_1,held back,left,forward,236,214401,213029,60,29099,transient
fall_1,held back,left,forward,237,214411,213029,60,29107,transient
fall_1,held back,left,forward,238,214421,213029,60,29114,transient
fall_1,held back,left,forward,239,214431,213029,60,29122,transient
fall_1,held back,left,forward,240,214441,213029,60,29130,final_hold
fall_1,held back,left,forward,241,214451,213029,60,29137,final_hold
fall_1,held back,left,forward,242,214461,213029,60,29145,final_hold
fall_1,held back,left,forward,243,214471,213029,60,29152,final_hold
fall_1,held back,left,forward,244,214481,213029,60,29160,final_hold
fall_1,held back,left,forward,245,214491,213029,60,29167,final_hold
fall_1,held back,left,forward,246,214501,213029,60,29175,final_hold
fall_1,held back,left,forward,247,214511,213029,60,29182,final_hold
fall_1,held back,left,forward,248,214521,213029,60,29190,final_hold
fall_1,held back,left,forward,249,214531,213029,60,29197,final_hold
fall_1,held back,left,forward,250,214541,213029,60,29205,final_hold
fall_1,held back,left,forward,251,214551,213029,60,29212,final_hold
fall_1,held back,left,forward,252,214561,213029,60,29220,final_hold
fall_1,held back,left,forward,253,214571,213029,60,29228,final_hold
fall_1,held back,left,forward,254,214581,213029,60,29235,final_hold
fall_1,held back,left,forward,255,214591,213029,60,29243,final_hold
fall_1,held back,left,forward,256,214601,213029,60,29250,final_hold
fall_1,held back,left,forward,257,214611,213029,60,29258,final_hold
fall_1,held back,left,forward,258,214621,213029,60,29265,final_hold
fall_1,held back,left,forward,259,214631,213029,60,29273,final_hold
fall_1,held back,left,forward,260,214641,213029,60,29280,final_hold
fall_1,held back,left,forward,261,214651,213029,60,29288,final_hold
fall_1,held back,left,forward,262,214661,213029,60,29295,final_hold
fall_1,held back,left,forward,263,214671,213029,60,29303,final_hold
fall_1,held back,left,forward,264,214681,213029,60,29310,final_hold
fall_1,held back,left,forward,265,214691,213029,60,29318,final_hold
fall_1,held back,left,forward,266,214701,213029,60,29326,final_hold
fall_1,held back,left,forward,267,214711,213029,60,29333,final_hold
fall_1,held back,left,forward,268,214721,213029,60,29341,final_hold
fall_1,held back,left,forward,269,214731,213029,60,29348,final_hold
fall_1,held back,left,forward,270,214741,213029,60,29356,final_hold
fall_1,held back,left,forward,271,214751,213029,60,29363,final_hold
fall_1,held back,left,forward,272,214761,213029,60,29371,final_hold
fall_1,held back,left,forward,273,214771,213029,60,29379,final_hold
fall_1,held back,left,forward,274,214781,213029,60,29386,final_hold
fall_1,held back,left,forward,275,214791,213029,60,29394,final_hold
fall_1,held back,left,forward,276,214801,213029,60,29401,final_hold
fall_1,held back,left,forward,277,214811,213029,60,29409,final_hold
fall_1,held back,left,forward,278,214821,213029,60,29416,final_hold
fall_1,held back,left,forward,279,214831,213029,60,29424,final_hold
fall_1,held back,left,forward,280,214841,213029,60,29431,final_hold
fall_1,held back,left,forward,281,214851,213029,60,29439,final_hold
fall_1,held back,left,forward,282,214861,213029,60,29446,final_hold
fall_1,held back,left,forward,283,214871,213029,60,29454,final_hold
fall_1,held back,left,forward,284,214881,213029,60,29462,final_hold
fall_1,held back,left,forward,285,214891,213029,60,29469,final_hold
fall_1,held back,left,forward,286,214901,213029,60,29477,final_hold
fall_1,held back,left,forward,287,214911,213029,60,29484,final_hold
fall_1,held back,left,forward,288,214921,213029,60,29492,final_hold
fall_1,held back,left,forward,289,214931,213029,60,29499,final_hold
fall_1,held back,left,forward,290,214941,213029,60,29507,final_hold
fall_1,held back,left,forward,291,214951,213029,60,29514,final_hold
fall_1,held back,left,forward,292,214961,213029,60,29522,final_hold
fall_1,held back,left,forward,293,214971,213029,60,29530,final_hold
fall_1,held back,left,forward,294,214981,213029,60,29537,final_hold
fall_1,held back,left,forward,295,214991,213029,60,29544,final_hold
fall_1,held back,left,forward,296,215001,213029,60,29552,final_hold
fall_1,held back,left,forward,297,215011,213029,60,29560,final_hold
fall_1,held back,left,forward,298,215021,213029,60,29567,final_hold
fall_1,held back,left,forward,299,215031,213029,60,29575,final_hold
fall_1,held back,left,forward,300,215041,213029,60,29582,final_hold
fall_1,held back,left,forward,301,215051,213029,60,29590,final_hold
fall_1,held back,left,forward,302,215061,213029,60,29597,final_hold
fall_1,held back,left,forward,303,215071,213029,60,29605,final_hold
fall_1,held back,left,forward,304,215081,213029,60,29612,final_hold
fall_1,held back,left,forward,305,215091,213029,60,29620,final_hold
fall_1,held back,left,forward,306,215101,213029,60,29628,final_hold
fall_1,held back,left,forward,307,215111,213029,60,29635,final_hold
fall_1,held back,left,forward,308,215121,213029,60,29643,final_hold
fall_1,held back,left,forward,309,215131,213029,60,29650,final_hold
fall_1,held back,left,forward,310,215141,213029,60,29658,final_hold
fall_1,held back,left,forward,311,215151,213029,60,29665,final_hold
fall_1,held back,left,forward,312,215161,213029,60,29673,final_hold
fall_1,held back,left,forward,313,215171,213029,60,29680,final_hold
fall_1,held back,left,forward,314,215181,213029,60,29688,final_hold
fall_1,held back,left,forward,315,215191,213029,60,29695,final_hold
fall_1,held back,left,forward,316,215201,213029,60,29703,final_hold
fall_1,held back,left,forward,317,215211,213029,60,29711,final_hold
fall_1,held back,left,forward,318,215221,213029,60,29718,final_hold
fall_1,held back,left,forward,319,215231,213029,60,29726,final_hold
fall_1,held back,left,forward,320,215241,213029,60,29733,final_hold
fall_1,held back,left,forward,321,215251,213029,60,29741,final_hold
fall_1,held back,left,forward,322,215261,213029,60,29748,final_hold
fall_1,held back,left,forward,323,215271,213029,60,29756,final_hold
fall_1,held back,left,forward,324,215281,213029,60,29763,final_hold
fall_1,held back,left,forward,325,215291,213029,60,29771,final_hold
fall_1,held back,left,forward,326,215301,213029,60,29778,final_hold
fall_1,held back,left,forward,327,215311,213029,60,29786,final_hold
fall_1,held back,left,forward,328,215321,213029,60,29794,final_hold
fall_1,held back,left,forward,329,215331,213029,60,29801,final_hold
fall_1,held back,left,forward,330,215341,213029,60,29809,final_hold
fall_1,held back,left,forward,331,215351,213029,60,29816,final_hold
fall_1,held back,left,forward,332,215361,213029,60,29824,final_hold
fall_1,held back,left,forward,333,215371,213029,60,29831,final_hold
fall_1,held back,left,forward,334,215381,213029,60,29839,final_hold
fall_1,held back,left,forward,335,215391,213029,60,29846,final_hold
fall_1,held back,left,forward,336,215401,213029,60,29854,final_hold
fall_1,held back,left,forward,337,215411,213029,60,29862,final_hold
fall_1,held back,left,forward,338,215421,213029,60,29869,final_hold
fall_1,held back,left,forward,339,215431,213029,60,29877,final_hold
fall_2,held back,left,forward,0,216442,217432,140,29954,initial_hold
fall_2,held back,left,forward,1,216452,217432,140,29954,initial_hold
fall_2,held back,left,forward,2,216462,217432,140,29954,initial_hold
fall_2,held back,left,forward,3,216472,217432,140,29954,initial_hold
fall_2,held back,left,forward,4,216482,217432,140,29954,initial_hold
fall_2,held back,left,forward,5,216492,217432,140,29954,initial_hold
fall_2,held back,left,forward,6,216502,217432,140,29954,initial_hold
fall_2,held back,left,forward,7,216512,217432,140,29954,initial_hold
fall_2,held back,left,forward,8,216522,217432,140,29954,initial_hold
fall_2,held back,left,forward,9,216532,217432,140,29955,initial_hold
fall_2,held back,left,forward,10,216542,217432,140,29956,initial_hold
fall_2,held back,left,forward,11,216552,217432,140,29958,initial_hold
fall_2,held back,left,forward,12,216562,217432,140,29962,initial_hold
fall_2,held back,left,forward,13,216572,217432,140,29968,initial_hold
fall_2,held back,left,forward,14,216582,217432,140,29974,initial_hold
fall_2,held back,left,forward,15,216592,217432,140,29982,initial_hold
fall_2,held back,left,forward,16,216602,217432,140,29990,initial_hold
fall_2,held back,left,forward,17,216612,217432,140,30000,initial_hold
fall_2,held back,left,forward,18,216622,217432,140,30011,initial_hold
fall_2,held back,left,forward,19,216632,217432,140,30023,initial_hold
fall_2,held back,left,forward,20,216642,217432,140,30036,initial_hold
fall_2,held back,left,forward,21,216652,217432,140,30049,initial_hold
fall_2,held back,left,forward,22,216662,217432,140,30064,initial_hold
fall_2,held back,left,forward,23,216672,217432,140,30078,initial_hold
fall_2,held back,left,forward,24,216682,217432,140,30094,initial_hold
fall_2,held back,left,forward,25,216692,217432,140,30110,initial_hold
fall_2,held back,left,forward,26,216702,217432,140,30126,initial_hold
fall_2,held back,left,forward,27,216712,217432,140,30142,initial_hold
fall_2,held back,left,forward,28,216722,217432,140,30159,initial_hold
fall_2,held back,left,forward,29,216732,217432,140,30176,initial_hold
fall_2,held back,left,forward,30,216742,217432,140,30194,initial_hold
fall_2,held back,left,forward,31,216752,217432,140,30211,initial_hold
fall_2,held back,left,forward,32,216762,217432,140,30229,initial_hold
fall_2,held back,left,forward,33,216772,217432,140,30247,initial_hold
fall_2,held back,left,forward,34,216782,217432,140,30265,initial_hold
fall_2,held back,left,forward,35,216792,217432,140,30283,initial_hold
fall_2,held back,left,forward,36,216802,217432,140,30301,initial_hold
fall_2,held back,left,forward,37,216812,217432,140,30319,initial_hold
fall_2,held back,left,forward,38,216822,217432,140,30338,initial_hold
fall_2,held back,left,forward,39,216832,217432,140,30356,initial_hold
fall_2,held back,left,forward,40,216842,217432,140,30374,initial_hold
fall_2,held back,left,forward,41,216852,217432,140,30393,initial_hold
fall_2,held back,left,forward,42,216862,217432,140,30411,initial_hold
fall_2,held back,left,forward,43,216872,217432,140,30430,initial_hold
fall_2,held back,left,forward,44,216882,217432,140,30448,initial_hold
fall_2,held back,left,forward,45,216892,217432,140,30467,initial_hold
fall_2,held back,left,forward,46,216902,217432,140,30486,initial_hold
fall_2,held back,left,forward,47,216912,217432,140,30504,initial_hold
fall_2,held back,left,forward,48,216922,217432,140,30523,initial_hold
fall_2,held back,left,forward,49,216932,217432,140,30542,initial_hold
fall_2,held back,left,forward,50,216942,217432,140,30560,initial_hold
fall_2,held back,left,forward,51,216952,217432,140,30579,initial_hold
fall_2,held back,left,forward,52,216962,217432,140,30598,initial_hold
fall_2,held back,left,forward,53,216972,217432,140,30616,initial_hold
fall_2,held back,left,forward,54,216982,217432,140,30635,initial_hold
fall_2,held back,left,forward,55,216992,217432,140,30654,initial_hold
fall_2,held back,left,forward,56,217002,217432,140,30672,initial_hold
fall_2,held back,left,forward,57,217012,217432,140,30691,initial_hold
fall_2,held back,left,forward,58,217022,217432,140,30710,initial_hold
fall_2,held back,left,forward,59,217032,217432,140,30729,initial_hold
fall_2,held back,left,forward,60,217042,217432,140,30748,initial_hold
fall_2,held back,left,forward,61,217052,217432,140,30767,initial_hold
fall_2,held back,left,forward,62,217062,217432,140,30785,initial_hold
fall_2,held back,left,forward,63,217072,217432,140,30804,initial_hold
fall_2,held back,left,forward,64,217082,217432,140,30823,initial_hold
fall_2,held back,left,forward,65,217092,217432,140,30842,initial_hold
fall_2,held back,left,forward,66,217102,217432,140,30860,initial_hold
fall_2,held back,left,forward,67,217112,217432,140,30879,initial_hold
fall_2,held back,left,forward,68,217122,217432,140,30898,initial_hold
fall_2,held back,left,forward,69,217132,217432,140,30917,initial_hold
fall_2,held back,left,forward,70,217142,217432,140,30936,initial_hold
fall_2,held back,left,forward,71,217152,217432,140,30955,initial_hold
fall_2,held back,left,forward,72,217162,217432,140,30974,initial_hold
fall_2,held back,left,forward,73,217172,217432,140,30992,initial_hold
fall_2,held back,left,forward,74,217182,217432,140,31011,initial_hold
fall_2,held back,left,forward,75,217192,217432,140,31030,initial_hold
fall_2,held back,left,forward,76,217202,217432,140,31048,initial_hold
fall_2,held back,left,forward,77,217212,217432,140,31067,initial_hold
fall_2,held back,left,forward,78,217222,217432,140,31086,initial_hold
fall_2,held back,left,forward,79,217232,217432,140,31105,initial_hold
fall_2,held back,left,forward,80,217242,217432,140,31124,initial_hold
fall_2,held back,left,forward,81,217252,217432,140,31143,initial_hold
fall_2,held back,left,forward,82,217262,217432,140,31162,initial_hold
fall_2,held back,left,forward,83,217272,217432,140,31180,initial_hold
fall_2,held back,left,forward,84,217282,217432,140,31199,initial_hold
fall_2,held back,left,forward,85,217292,217432,140,31218,initial_hold
fall_2,held back,left,forward,86,217302,217432,140,31236,initial_hold
fall_2,held back,left,forward,87,217312,217432,140,31255,initial_hold
fall_2,held back,left,forward,88,217322,217432,140,31274,initial_hold
fall_2,held back,left,forward,89,217332,217432,140,31293,initial_hold
fall_2,held back,left,forward,90,217342,217432,140,31312,initial_hold
fall_2,held back,left,forward,91,217352,217432,140,31330,initial_hold
fall_2,held back,left,forward,92,217362,217432,140,31350,initial_hold
fall_2,held back,left,forward,93,217372,217432,140,31368,initial_hold
fall_2,held back,left,forward,94,217382,217432,140,31387,initial_hold
fall_2,held back,left,forward,95,217392,217432,140,31406,initial_hold
fall_2,held back,left,forward,96,217402,217432,140,31424,initial_hold
fall_2,held back,left,forward,97,217412,217432,140,31443,initial_hold
fall_2,held back,left,forward,98,217422,217432,140,31462,initial_hold
fall_2,held back,left,forward,99,217432,217432,140,31480,initial_hold
fall_2,held back,left,forward,100,217442,217432,60,31499,transient
fall_2,held back,left,forward,101,217452,217432,60,31518,transient
fall_2,held back,left,forward,102,217462,217432,60,31537,transient
fall_2,held back,left,forward,103,217472,217432,60,31555,transient
fall_2,held back,left,forward,104,217482,217432,60,31574,transient
fall_2,held back,left,forward,105,217492,217432,60,31591,transient
fall_2,held back,left,forward,106,217502,217432,60,31609,transient
fall_2,held back,left,forward,107,217512,217432,60,31626,transient
fall_2,held back,left,forward,108,217522,217432,60,31642,transient
fall_2,held back,left,forward,109,217532,217432,60,31657,transient
fall_2,held back,left,forward,110,217542,217432,60,31671,transient
fall_2,held back,left,forward,111,217552,217432,60,31685,transient
fall_2,held back,left,forward,112,217562,217432,60,31698,transient
fall_2,held back,left,forward,113,217572,217432,60,31710,transient
fall_2,held back,left,forward,114,217582,217432,60,31721,transient
fall_2,held back,left,forward,115,217592,217432,60,31732,transient
fall_2,held back,left,forward,116,217602,217432,60,31743,transient
fall_2,held back,left,forward,117,217612,217432,60,31753,transient
fall_2,held back,left,forward,118,217622,217432,60,31763,transient
fall_2,held back,left,forward,119,217632,217432,60,31772,transient
fall_2,held back,left,forward,120,217642,217432,60,31782,transient
fall_2,held back,left,forward,121,217652,217432,60,31791,transient
fall_2,held back,left,forward,122,217662,217432,60,31799,transient
fall_2,held back,left,forward,123,217672,217432,60,31808,transient
fall_2,held back,left,forward,124,217682,217432,60,31816,transient
fall_2,held back,left,forward,125,217692,217432,60,31825,transient
fall_2,held back,left,forward,126,217702,217432,60,31833,transient
fall_2,held back,left,forward,127,217712,217432,60,31841,transient
fall_2,held back,left,forward,128,217722,217432,60,31849,transient
fall_2,held back,left,forward,129,217732,217432,60,31857,transient
fall_2,held back,left,forward,130,217742,217432,60,31865,transient
fall_2,held back,left,forward,131,217752,217432,60,31873,transient
fall_2,held back,left,forward,132,217762,217432,60,31881,transient
fall_2,held back,left,forward,133,217772,217432,60,31889,transient
fall_2,held back,left,forward,134,217782,217432,60,31896,transient
fall_2,held back,left,forward,135,217792,217432,60,31904,transient
fall_2,held back,left,forward,136,217802,217432,60,31912,transient
fall_2,held back,left,forward,137,217812,217432,60,31919,transient
fall_2,held back,left,forward,138,217822,217432,60,31927,transient
fall_2,held back,left,forward,139,217832,217432,60,31935,transient
fall_2,held back,left,forward,140,217842,217432,60,31942,transient
fall_2,held back,left,forward,141,217852,217432,60,31950,transient
fall_2,held back,left,forward,142,217862,217432,60,31957,transient
fall_2,held back,left,forward,143,217872,217432,60,31965,transient
fall_2,held back,left,forward,144,217882,217432,60,31972,transient
fall_2,held back,left,forward,145,217892,217432,60,31980,transient
fall_2,held back,left,forward,146,217902,217432,60,31988,transient
fall_2,held back,left,forward,147,217912,217432,60,31995,transient
fall_2,held back,left,forward,148,217922,217432,60,32003,transient
fall_2,held back,left,forward,149,217932,217432,60,32010,transient
fall_2,held back,left,forward,150,217942,217432,60,32018,transient
fall_2,held back,left,forward,151,217952,217432,60,32025,transient
fall_2,held back,left,forward,152,217962,217432,60,32033,transient
fall_2,held back,left,forward,153,217972,217432,60,32040,transient
fall_2,held back,left,forward,154,217982,217432,60,32048,transient
fall_2,held back,left,forward,155,217992,217432,60,32055,transient
fall_2,held back,left,forward,156,218002,217432,60,32063,transient
fall_2,held back,left,forward,157,218012,217432,60,32070,transient
fall_2,held back,left,forward,158,218022,217432,60,32078,transient
fall_2,held back,left,forward,159,218032,217432,60,32086,transient
fall_2,held back,left,forward,160,218042,217432,60,32093,transient
fall_2,held back,left,forward,161,218052,217432,60,32101,transient
fall_2,held back,left,forward,162,218062,217432,60,32108,transient
fall_2,held back,left,forward,163,218072,217432,60,32116,transient
fall_2,held back,left,forward,164,218082,217432,60,32123,transient
fall_2,held back,left,forward,165,218092,217432,60,32131,transient
fall_2,held back,left,forward,166,218102,217432,60,32138,transient
fall_2,held back,left,forward,167,218113,217432,60,32147,transient
fall_2,held back,left,forward,168,218123,217432,60,32154,transient
fall_2,held back,left,forward,169,218133,217432,60,32162,transient
fall_2,held back,left,forward,170,218143,217432,60,32169,transient
fall_2,held back,left,forward,171,218153,217432,60,32177,transient
fall_2,held back,left,forward,172,218163,217432,60,32184,transient
fall_2,held back,left,forward,173,218173,217432,60,32192,transient
fall_2,held back,left,forward,174,218183,217432,60,32200,transient
fall_2,held back,left,forward,175,218193,217432,60,32207,transient
fall_2,held back,left,forward,176,218203,217432,60,32215,transient
fall_2,held back,left,forward,177,218213,217432,60,32222,transient
fall_2,held back,left,forward,178,218223,217432,60,32230,transient
fall_2,held back,left,forward,179,218233,217432,60,32238,transient
fall_2,held back,left,forward,180,218243,217432,60,32245,transient
fall_2,held back,left,forward,181,218253,217432,60,32252,transient
fall_2,held back,left,forward,182,218263,217432,60,32260,transient
fall_2,held back,left,forward,183,218273,217432,60,32268,transient
fall_2,held back,left,forward,184,218283,217432,60,32275,transient
fall_2,held back,left,forward,185,218293,217432,60,32283,transient
fall_2,held back,left,forward,186,218303,217432,60,32290,transient
fall_2,held back,left,forward,187,218313,217432,60,32298,transient
fall_2,held back,left,forward,188,218323,217432,60,32306,transient
fall_2,held back,left,forward,189,218333,217432,60,32313,transient
fall_2,held back,left,forward,190,218343,217432,60,32320,transient
fall_2,held back,left,forward,191,218353,217432,60,32328,transient
fall_2,held back,left,forward,192,218363,217432,60,32336,transient
fall_2,held back,left,forward,193,218373,217432,60,32343,transient
fall_2,held back,left,forward,194,218383,217432,60,32351,transient
fall_2,held back,left,forward,195,218393,217432,60,32358,transient
fall_2,held back,left,forward,196,218403,217432,60,32366,transient
fall_2,held back,left,forward,197,218413,217432,60,32373,transient
fall_2,held back,left,forward,198,218423,217432,60,32381,transient
fall_2,held back,left,forward,199,218433,217432,60,32388,transient
fall_2,held back,left,forward,200,218443,217432,60,32396,transient
fall_2,held back,left,forward,201,218453,217432,60,32404,transient
fall_2,held back,left,forward,202,218463,217432,60,32411,transient
fall_2,held back,left,forward,203,218473,217432,60,32419,transient
fall_2,held back,left,forward,204,218483,217432,60,32426,transient
fall_2,held back,left,forward,205,218493,217432,60,32434,transient
fall_2,held back,left,forward,206,218503,217432,60,32441,transient
fall_2,held back,left,forward,207,218513,217432,60,32449,transient
fall_2,held back,left,forward,208,218523,217432,60,32456,transient
fall_2,held back,left,forward,209,218533,217432,60,32464,transient
fall_2,held back,left,forward,210,218543,217432,60,32471,transient
fall_2,held back,left,forward,211,218553,217432,60,32479,transient
fall_2,held back,left,forward,212,218563,217432,60,32486,transient
fall_2,held back,left,forward,213,218573,217432,60,32494,transient
fall_2,held back,left,forward,214,218583,217432,60,32502,transient
fall_2,held back,left,forward,215,218593,217432,60,32509,transient
fall_2,held back,left,forward,216,218603,217432,60,32517,transient
fall_2,held back,left,forward,217,218613,217432,60,32524,transient
fall_2,held back,left,forward,218,218623,217432,60,32532,transient
fall_2,held back,left,forward,219,218633,217432,60,32539,transient
fall_2,held back,left,forward,220,218643,217432,60,32547,transient
fall_2,held back,left,forward,221,218653,217432,60,32555,transient
fall_2,held back,left,forward,222,218663,217432,60,32562,transient
fall_2,held back,left,forward,223,218673,217432,60,32570,transient
fall_2,held back,left,forward,224,218683,217432,60,32577,transient
fall_2,held back,left,forward,225,218693,217432,60,32585,transient
fall_2,held back,left,forward,226,218703,217432,60,32592,transient
fall_2,held back,left,forward,227,218713,217432,60,32600,transient
fall_2,held back,left,forward,228,218723,217432,60,32607,transient
fall_2,held back,left,forward,229,218733,217432,60,32615,transient
fall_2,held back,left,forward,230,218743,217432,60,32622,transient
fall_2,held back,left,forward,231,218753,217432,60,32630,transient
fall_2,held back,left,forward,232,218763,217432,60,32638,transient
fall_2,held back,left,forward,233,218773,217432,60,32645,transient
fall_2,held back,left,forward,234,218783,217432,60,32653,transient
fall_2,held back,left,forward,235,218793,217432,60,32660,transient
fall_2,held back,left,forward,236,218803,217432,60,32668,transient
fall_2,held back,left,forward,237,218813,217432,60,32675,transient
fall_2,held back,left,forward,238,218823,217432,60,32683,transient
fall_2,held back,left,forward,239,218833,217432,60,32691,transient
fall_2,held back,left,forward,240,218843,217432,60,32698,final_hold
fall_2,held back,left,forward,241,218853,217432,60,32706,final_hold
fall_2,held back,left,forward,242,218863,217432,60,32713,final_hold
fall_2,held back,left,forward,243,218873,217432,60,32721,final_hold
fall_2,held back,left,forward,244,218883,217432,60,32728,final_hold
fall_2,held back,left,forward,245,218893,217432,60,32736,final_hold
fall_2,held back,left,forward,246,218903,217432,60,32743,final_hold
fall_2,held back,left,forward,247,218913,217432,60,32751,final_hold
fall_2,held back,left,forward,248,218923,217432,60,32758,final_hold
fall_2,held back,left,forward,249,218933,217432,60,32766,final_hold
fall_2,held back,left,forward,250,218943,217432,60,32774,final_hold
fall_2,held back,left,forward,251,218953,217432,60,32781,final_hold
fall_2,held back,left,forward,252,218963,217432,60,32788,final_hold
fall_2,held back,left,forward,253,218973,217432,60,32796,final_hold
fall_2,held back,left,forward,254,218983,217432,60,32804,final_hold
fall_2,held back,left,forward,255,218993,217432,60,32811,final_hold
fall_2,held back,left,forward,256,219003,217432,60,32819,final_hold
fall_2,held back,left,forward,257,219013,217432,60,32826,final_hold
fall_2,held back,left,forward,258,219023,217432,60,32834,final_hold
fall_2,held back,left,forward,259,219033,217432,60,32841,final_hold
fall_2,held back,left,forward,260,219043,217432,60,32849,final_hold
fall_2,held back,left,forward,261,219053,217432,60,32856,final_hold
fall_2,held back,left,forward,262,219063,217432,60,32864,final_hold
fall_2,held back,left,forward,263,219073,217432,60,32872,final_hold
fall_2,held back,left,forward,264,219083,217432,60,32879,final_hold
fall_2,held back,left,forward,265,219093,217432,60,32887,final_hold
fall_2,held back,left,forward,266,219103,217432,60,32894,final_hold
fall_2,held back,left,forward,267,219113,217432,60,32902,final_hold
fall_2,held back,left,forward,268,219123,217432,60,32910,final_hold
fall_2,held back,left,forward,269,219133,217432,60,32917,final_hold
fall_2,held back,left,forward,270,219143,217432,60,32924,final_hold
fall_2,held back,left,forward,271,219153,217432,60,32932,final_hold
fall_2,held back,left,forward,272,219163,217432,60,32940,final_hold
fall_2,held back,left,forward,273,219173,217432,60,32947,final_hold
fall_2,held back,left,forward,274,219183,217432,60,32955,final_hold
fall_2,held back,left,forward,275,219193,217432,60,32962,final_hold
fall_2,held back,left,forward,276,219203,217432,60,32970,final_hold
fall_2,held back,left,forward,277,219213,217432,60,32977,final_hold
fall_2,held back,left,forward,278,219223,217432,60,32985,final_hold
fall_2,held back,left,forward,279,219233,217432,60,32992,final_hold
fall_2,held back,left,forward,280,219243,217432,60,33000,final_hold
fall_2,held back,left,forward,281,219253,217432,60,33008,final_hold
fall_2,held back,left,forward,282,219263,217432,60,33015,final_hold
fall_2,held back,left,forward,283,219273,217432,60,33023,final_hold
fall_2,held back,left,forward,284,219283,217432,60,33030,final_hold
fall_2,held back,left,forward,285,219293,217432,60,33038,final_hold
fall_2,held back,left,forward,286,219303,217432,60,33046,final_hold
fall_2,held back,left,forward,287,219313,217432,60,33053,final_hold
fall_2,held back,left,forward,288,219323,217432,60,33060,final_hold
fall_2,held back,left,forward,289,219333,217432,60,33068,final_hold
fall_2,held back,left,forward,290,219343,217432,60,33076,final_hold
fall_2,held back,left,forward,291,219353,217432,60,33083,final_hold
fall_2,held back,left,forward,292,219363,217432,60,33091,final_hold
fall_2,held back,left,forward,293,219373,217432,60,33098,final_hold
fall_2,held back,left,forward,294,219383,217432,60,33106,final_hold
fall_2,held back,left,forward,295,219393,217432,60,33113,final_hold
fall_2,held back,left,forward,296,219403,217432,60,33121,final_hold
fall_2,held back,left,forward,297,219413,217432,60,33128,final_hold
fall_2,held back,left,forward,298,219423,217432,60,33136,final_hold
fall_2,held back,left,forward,299,219433,217432,60,33143,final_hold
fall_2,held back,left,forward,300,219443,217432,60,33151,final_hold
fall_2,held back,left,forward,301,219453,217432,60,33159,final_hold
fall_2,held back,left,forward,302,219463,217432,60,33166,final_hold
fall_2,held back,left,forward,303,219473,217432,60,33174,final_hold
fall_2,held back,left,forward,304,219483,217432,60,33181,final_hold
fall_2,held back,left,forward,305,219493,217432,60,33189,final_hold
fall_2,held back,left,forward,306,219503,217432,60,33196,final_hold
fall_2,held back,left,forward,307,219513,217432,60,33204,final_hold
fall_2,held back,left,forward,308,219523,217432,60,33211,final_hold
fall_2,held back,left,forward,309,219533,217432,60,33219,final_hold
fall_2,held back,left,forward,310,219543,217432,60,33226,final_hold
fall_2,held back,left,forward,311,219553,217432,60,33234,final_hold
fall_2,held back,left,forward,312,219563,217432,60,33242,final_hold
fall_2,held back,left,forward,313,219573,217432,60,33249,final_hold
fall_2,held back,left,forward,314,219583,217432,60,33257,final_hold
fall_2,held back,left,forward,315,219593,217432,60,33264,final_hold
fall_2,held back,left,forward,316,219603,217432,60,33272,final_hold
fall_2,held back,left,forward,317,219613,217432,60,33280,final_hold
fall_2,held back,left,forward,318,219623,217432,60,33287,final_hold
fall_2,held back,left,forward,319,219633,217432,60,33295,final_hold
fall_2,held back,left,forward,320,219643,217432,60,33302,final_hold
fall_2,held back,left,forward,321,219653,217432,60,33310,final_hold
fall_2,held back,left,forward,322,219663,217432,60,33317,final_hold
fall_2,held back,left,forward,323,219673,217432,60,33325,final_hold
fall_2,held back,left,forward,324,219683,217432,60,33332,final_hold
fall_2,held back,left,forward,325,219693,217432,60,33340,final_hold
fall_2,held back,left,forward,326,219703,217432,60,33347,final_hold
fall_2,held back,left,forward,327,219713,217432,60,33355,final_hold
fall_2,held back,left,forward,328,219723,217432,60,33363,final_hold
fall_2,held back,left,forward,329,219733,217432,60,33370,final_hold
fall_2,held back,left,forward,330,219743,217432,60,33378,final_hold
fall_2,held back,left,forward,331,219753,217432,60,33385,final_hold
fall_2,held back,left,forward,332,219763,217432,60,33393,final_hold
fall_2,held back,left,forward,333,219773,217432,60,33400,final_hold
fall_2,held back,left,forward,334,219783,217432,60,33408,final_hold
fall_2,held back,left,forward,335,219793,217432,60,33415,final_hold
fall_2,held back,left,forward,336,219803,217432,60,33423,final_hold
fall_2,held back,left,forward,337,219813,217432,60,33431,final_hold
fall_2,held back,left,forward,338,219823,217432,60,33438,final_hold
fall_2,held back,left,forward,339,219833,217432,60,33446,final_hold
fall_3,held back,left,forward,0,220844,221834,140,33522,initial_hold
fall_3,held back,left,forward,1,220854,221834,140,33522,initial_hold
fall_3,held back,left,forward,2,220864,221834,140,33522,initial_hold
fall_3,held back,left,forward,3,220874,221834,140,33522,initial_hold
fall_3,held back,left,forward,4,220884,221834,140,33522,initial_hold
fall_3,held back,left,forward,5,220894,221834,140,33522,initial_hold
fall_3,held back,left,forward,6,220904,221834,140,33522,initial_hold
fall_3,held back,left,forward,7,220914,221834,140,33522,initial_hold
fall_3,held back,left,forward,8,220924,221834,140,33522,initial_hold
fall_3,held back,left,forward,9,220934,221834,140,33522,initial_hold
fall_3,held back,left,forward,10,220944,221834,140,33523,initial_hold
fall_3,held back,left,forward,11,220954,221834,140,33524,initial_hold
fall_3,held back,left,forward,12,220964,221834,140,33528,initial_hold
fall_3,held back,left,forward,13,220974,221834,140,33532,initial_hold
fall_3,held back,left,forward,14,220984,221834,140,33538,initial_hold
fall_3,held back,left,forward,15,220994,221834,140,33546,initial_hold
fall_3,held back,left,forward,16,221004,221834,140,33555,initial_hold
fall_3,held back,left,forward,17,221014,221834,140,33564,initial_hold
fall_3,held back,left,forward,18,221024,221834,140,33575,initial_hold
fall_3,held back,left,forward,19,221034,221834,140,33587,initial_hold
fall_3,held back,left,forward,20,221044,221834,140,33600,initial_hold
fall_3,held back,left,forward,21,221054,221834,140,33614,initial_hold
fall_3,held back,left,forward,22,221064,221834,140,33628,initial_hold
fall_3,held back,left,forward,23,221074,221834,140,33643,initial_hold
fall_3,held back,left,forward,24,221084,221834,140,33658,initial_hold
fall_3,held back,left,forward,25,221094,221834,140,33674,initial_hold
fall_3,held back,left,forward,26,221104,221834,140,33690,initial_hold
fall_3,held back,left,forward,27,221114,221834,140,33707,initial_hold
fall_3,held back,left,forward,28,221124,221834,140,33724,initial_hold
fall_3,held back,left,forward,29,221134,221834,140,33741,initial_hold
fall_3,held back,left,forward,30,221144,221834,140,33758,initial_hold
fall_3,held back,left,forward,31,221154,221834,140,33776,initial_hold
fall_3,held back,left,forward,32,221164,221834,140,33793,initial_hold
fall_3,held back,left,forward,33,221174,221834,140,33811,initial_hold
fall_3,held back,left,forward,34,221184,221834,140,33829,initial_hold
fall_3,held back,left,forward,35,221194,221834,140,33847,initial_hold
fall_3,held back,left,forward,36,221204,221834,140,33865,initial_hold
fall_3,held back,left,forward,37,221214,221834,140,33884,initial_hold
fall_3,held back,left,forward,38,221224,221834,140,33902,initial_hold
fall_3,held back,left,forward,39,221234,221834,140,33920,initial_hold
fall_3,held back,left,forward,40,221244,221834,140,33939,initial_hold
fall_3,held back,left,forward,41,221254,221834,140,33957,initial_hold
fall_3,held back,left,forward,42,221264,221834,140,33976,initial_hold
fall_3,held back,left,forward,43,221274,221834,140,33994,initial_hold
fall_3,held back,left,forward,44,221284,221834,140,34013,initial_hold
fall_3,held back,left,forward,45,221294,221834,140,34031,initial_hold
fall_3,held back,left,forward,46,221304,221834,140,34050,initial_hold
fall_3,held back,left,forward,47,221314,221834,140,34068,initial_hold
fall_3,held back,left,forward,48,221324,221834,140,34087,initial_hold
fall_3,held back,left,forward,49,221334,221834,140,34106,initial_hold
fall_3,held back,left,forward,50,221344,221834,140,34124,initial_hold
fall_3,held back,left,forward,51,221354,221834,140,34143,initial_hold
fall_3,held back,left,forward,52,221364,221834,140,34162,initial_hold
fall_3,held back,left,forward,53,221374,221834,140,34180,initial_hold
fall_3,held back,left,forward,54,221384,221834,140,34199,initial_hold
fall_3,held back,left,forward,55,221394,221834,140,34218,initial_hold
fall_3,held back,left,forward,56,221404,221834,140,34236,initial_hold
fall_3,held back,left,forward,57,221414,221834,140,34255,initial_hold
fall_3,held back,left,forward,58,221424,221834,140,34274,initial_hold
fall_3,held back,left,forward,59,221434,221834,140,34292,initial_hold
fall_3,held back,left,forward,60,221444,221834,140,34311,initial_hold
fall_3,held back,left,forward,61,221454,221834,140,34330,initial_hold
fall_3,held back,left,forward,62,221464,221834,140,34349,initial_hold
fall_3,held back,left,forward,63,221474,221834,140,34368,initial_hold
fall_3,held back,left,forward,64,221484,221834,140,34386,initial_hold
fall_3,held back,left,forward,65,221494,221834,140,34405,initial_hold
fall_3,held back,left,forward,66,221504,221834,140,34424,initial_hold
fall_3,held back,left,forward,67,221514,221834,140,34443,initial_hold
fall_3,held back,left,forward,68,221524,221834,140,34462,initial_hold
fall_3,held back,left,forward,69,221534,221834,140,34480,initial_hold
fall_3,held back,left,forward,70,221544,221834,140,34499,initial_hold
fall_3,held back,left,forward,71,221554,221834,140,34518,initial_hold
fall_3,held back,left,forward,72,221564,221834,140,34537,initial_hold
fall_3,held back,left,forward,73,221574,221834,140,34555,initial_hold
fall_3,held back,left,forward,74,221584,221834,140,34574,initial_hold
fall_3,held back,left,forward,75,221594,221834,140,34593,initial_hold
fall_3,held back,left,forward,76,221604,221834,140,34611,initial_hold
fall_3,held back,left,forward,77,221614,221834,140,34630,initial_hold
fall_3,held back,left,forward,78,221624,221834,140,34649,initial_hold
fall_3,held back,left,forward,79,221634,221834,140,34668,initial_hold
fall_3,held back,left,forward,80,221644,221834,140,34686,initial_hold
fall_3,held back,left,forward,81,221654,221834,140,34705,initial_hold
fall_3,held back,left,forward,82,221664,221834,140,34724,initial_hold
fall_3,held back,left,forward,83,221674,221834,140,34743,initial_hold
fall_3,held back,left,forward,84,221684,221834,140,34762,initial_hold
fall_3,held back,left,forward,85,221694,221834,140,34780,initial_hold
fall_3,held back,left,forward,86,221704,221834,140,34799,initial_hold
fall_3,held back,left,forward,87,221714,221834,140,34818,initial_hold
fall_3,held back,left,forward,88,221724,221834,140,34837,initial_hold
fall_3,held back,left,forward,89,221734,221834,140,34856,initial_hold
fall_3,held back,left,forward,90,221744,221834,140,34874,initial_hold
fall_3,held back,left,forward,91,221754,221834,140,34893,initial_hold
fall_3,held back,left,forward,92,221764,221834,140,34912,initial_hold
fall_3,held back,left,forward,93,221774,221834,140,34931,initial_hold
fall_3,held back,left,forward,94,221784,221834,140,34950,initial_hold
fall_3,held back,left,forward,95,221794,221834,140,34968,initial_hold
fall_3,held back,left,forward,96,221804,221834,140,34987,initial_hold
fall_3,held back,left,forward,97,221814,221834,140,35006,initial_hold
fall_3,held back,left,forward,98,221824,221834,140,35025,initial_hold
fall_3,held back,left,forward,99,221834,221834,140,35043,initial_hold
fall_3,held back,left,forward,100,221844,221834,60,35062,transient
fall_3,held back,left,forward,101,221854,221834,60,35081,transient
fall_3,held back,left,forward,102,221864,221834,60,35100,transient
fall_3,held back,left,forward,103,221874,221834,60,35118,transient
fall_3,held back,left,forward,104,221884,221834,60,35136,transient
fall_3,held back,left,forward,105,221894,221834,60,35154,transient
fall_3,held back,left,forward,106,221904,221834,60,35172,transient
fall_3,held back,left,forward,107,221914,221834,60,35188,transient
fall_3,held back,left,forward,108,221924,221834,60,35204,transient
fall_3,held back,left,forward,109,221934,221834,60,35220,transient
fall_3,held back,left,forward,110,221944,221834,60,35234,transient
fall_3,held back,left,forward,111,221954,221834,60,35248,transient
fall_3,held back,left,forward,112,221964,221834,60,35260,transient
fall_3,held back,left,forward,113,221974,221834,60,35273,transient
fall_3,held back,left,forward,114,221984,221834,60,35284,transient
fall_3,held back,left,forward,115,221994,221834,60,35295,transient
fall_3,held back,left,forward,116,222004,221834,60,35306,transient
fall_3,held back,left,forward,117,222014,221834,60,35316,transient
fall_3,held back,left,forward,118,222024,221834,60,35326,transient
fall_3,held back,left,forward,119,222034,221834,60,35335,transient
fall_3,held back,left,forward,120,222044,221834,60,35345,transient
fall_3,held back,left,forward,121,222054,221834,60,35354,transient
fall_3,held back,left,forward,122,222064,221834,60,35362,transient
fall_3,held back,left,forward,123,222074,221834,60,35371,transient
fall_3,held back,left,forward,124,222084,221834,60,35380,transient
fall_3,held back,left,forward,125,222094,221834,60,35388,transient
fall_3,held back,left,forward,126,222104,221834,60,35396,transient
fall_3,held back,left,forward,127,222115,221834,60,35405,transient
fall_3,held back,left,forward,128,222125,221834,60,35413,transient
fall_3,held back,left,forward,129,222135,221834,60,35421,transient
fall_3,held back,left,forward,130,222145,221834,60,35429,transient
fall_3,held back,left,forward,131,222155,221834,60,35437,transient
fall_3,held back,left,forward,132,222165,221834,60,35445,transient
fall_3,held back,left,forward,133,222175,221834,60,35453,transient
fall_3,held back,left,forward,134,222185,221834,60,35460,transient
fall_3,held back,left,forward,135,222195,221834,60,35468,transient
fall_3,held back,left,forward,136,222205,221834,60,35476,transient
fall_3,held back,left,forward,137,222215,221834,60,35483,transient
fall_3,held back,left,forward,138,222225,221834,60,35491,transient
fall_3,held back,left,forward,139,222235,221834,60,35498,transient
fall_3,held back,left,forward,140,222245,221834,60,35506,transient
fall_3,held back,left,forward,141,222255,221834,60,35514,transient
fall_3,held back,left,forward,142,222265,221834,60,35521,transient
fall_3,held back,left,forward,143,222275,221834,60,35529,transient
fall_3,held back,left,forward,144,222285,221834,60,35536,transient
fall_3,held back,left,forward,145,222295,221834,60,35544,transient
fall_3,held back,left,forward,146,222305,221834,60,35551,transient
fall_3,held back,left,forward,147,222315,221834,60,35559,transient
fall_3,held back,left,forward,148,222325,221834,60,35567,transient
fall_3,held back,left,forward,149,222335,221834,60,35574,transient
fall_3,held back,left,forward,150,222345,221834,60,35582,transient
fall_3,held back,left,forward,151,222355,221834,60,35589,transient
fall_3,held back,left,forward,152,222365,221834,60,35597,transient
fall_3,held back,left,forward,153,222375,221834,60,35604,transient
fall_3,held back,left,forward,154,222385,221834,60,35612,transient
fall_3,held back,left,forward,155,222395,221834,60,35619,transient
fall_3,held back,left,forward,156,222405,221834,60,35627,transient
fall_3,held back,left,forward,157,222415,221834,60,35634,transient
fall_3,held back,left,forward,158,222425,221834,60,35642,transient
fall_3,held back,left,forward,159,222435,221834,60,35650,transient
fall_3,held back,left,forward,160,222445,221834,60,35657,transient
fall_3,held back,left,forward,161,222455,221834,60,35665,transient
fall_3,held back,left,forward,162,222465,221834,60,35672,transient
fall_3,held back,left,forward,163,222475,221834,60,35680,transient
fall_3,held back,left,forward,164,222485,221834,60,35687,transient
fall_3,held back,left,forward,165,222495,221834,60,35695,transient
fall_3,held back,left,forward,166,222505,221834,60,35702,transient
fall_3,held back,left,forward,167,222515,221834,60,35710,transient
fall_3,held back,left,forward,168,222525,221834,60,35718,transient
fall_3,held back,left,forward,169,222535,221834,60,35725,transient
fall_3,held back,left,forward,170,222545,221834,60,35733,transient
fall_3,held back,left,forward,171,222555,221834,60,35740,transient
fall_3,held back,left,forward,172,222565,221834,60,35748,transient
fall_3,held back,left,forward,173,222575,221834,60,35755,transient
fall_3,held back,left,forward,174,222585,221834,60,35763,transient
fall_3,held back,left,forward,175,222595,221834,60,35770,transient
fall_3,held back,left,forward,176,222605,221834,60,35778,transient
fall_3,held back,left,forward,177,222615,221834,60,35786,transient
fall_3,held back,left,forward,178,222625,221834,60,35793,transient
fall_3,held back,left,forward,179,222635,221834,60,35801,transient
fall_3,held back,left,forward,180,222645,221834,60,35808,transient
fall_3,held back,left,forward,181,222655,221834,60,35816,transient
fall_3,held back,left,forward,182,222665,221834,60,35823,transient
fall_3,held back,left,forward,183,222675,221834,60,35831,transient
fall_3,held back,left,forward,184,222685,221834,60,35839,transient
fall_3,held back,left,forward,185,222695,221834,60,35846,transient
fall_3,held back,left,forward,186,222705,221834,60,35854,transient
fall_3,held back,left,forward,187,222715,221834,60,35861,transient
fall_3,held back,left,forward,188,222725,221834,60,35869,transient
fall_3,held back,left,forward,189,222735,221834,60,35876,transient
fall_3,held back,left,forward,190,222745,221834,60,35884,transient
fall_3,held back,left,forward,191,222755,221834,60,35892,transient
fall_3,held back,left,forward,192,222765,221834,60,35899,transient
fall_3,held back,left,forward,193,222775,221834,60,35907,transient
fall_3,held back,left,forward,194,222785,221834,60,35914,transient
fall_3,held back,left,forward,195,222795,221834,60,35922,transient
fall_3,held back,left,forward,196,222805,221834,60,35929,transient
fall_3,held back,left,forward,197,222815,221834,60,35937,transient
fall_3,held back,left,forward,198,222825,221834,60,35944,transient
fall_3,held back,left,forward,199,222835,221834,60,35952,transient
fall_3,held back,left,forward,200,222845,221834,60,35960,transient
fall_3,held back,left,forward,201,222855,221834,60,35967,transient
fall_3,held back,left,forward,202,222865,221834,60,35975,transient
fall_3,held back,left,forward,203,222875,221834,60,35982,transient
fall_3,held back,left,forward,204,222885,221834,60,35990,transient
fall_3,held back,left,forward,205,222895,221834,60,35997,transient
fall_3,held back,left,forward,206,222905,221834,60,36005,transient
fall_3,held back,left,forward,207,222915,221834,60,36012,transient
fall_3,held back,left,forward,208,222925,221834,60,36020,transient
fall_3,held back,left,forward,209,222935,221834,60,36027,transient
fall_3,held back,left,forward,210,222945,221834,60,36035,transient
fall_3,held back,left,forward,211,222955,221834,60,36043,transient
fall_3,held back,left,forward,212,222965,221834,60,36050,transient
fall_3,held back,left,forward,213,222975,221834,60,36058,transient
fall_3,held back,left,forward,214,222985,221834,60,36065,transient
fall_3,held back,left,forward,215,222995,221834,60,36073,transient
fall_3,held back,left,forward,216,223005,221834,60,36080,transient
fall_3,held back,left,forward,217,223015,221834,60,36088,transient
fall_3,held back,left,forward,218,223025,221834,60,36095,transient
fall_3,held back,left,forward,219,223035,221834,60,36103,transient
fall_3,held back,left,forward,220,223045,221834,60,36111,transient
fall_3,held back,left,forward,221,223055,221834,60,36118,transient
fall_3,held back,left,forward,222,223065,221834,60,36126,transient
fall_3,held back,left,forward,223,223075,221834,60,36133,transient
fall_3,held back,left,forward,224,223085,221834,60,36141,transient
fall_3,held back,left,forward,225,223095,221834,60,36148,transient
fall_3,held back,left,forward,226,223105,221834,60,36156,transient
fall_3,held back,left,forward,227,223115,221834,60,36164,transient
fall_3,held back,left,forward,228,223125,221834,60,36171,transient
fall_3,held back,left,forward,229,223135,221834,60,36179,transient
fall_3,held back,left,forward,230,223145,221834,60,36186,transient
fall_3,held back,left,forward,231,223155,221834,60,36194,transient
fall_3,held back,left,forward,232,223165,221834,60,36201,transient
fall_3,held back,left,forward,233,223175,221834,60,36209,transient
fall_3,held back,left,forward,234,223185,221834,60,36216,transient
fall_3,held back,left,forward,235,223195,221834,60,36224,transient
fall_3,held back,left,forward,236,223205,221834,60,36232,transient
fall_3,held back,left,forward,237,223215,221834,60,36239,transient
fall_3,held back,left,forward,238,223225,221834,60,36247,transient
fall_3,held back,left,forward,239,223235,221834,60,36254,transient
fall_3,held back,left,forward,240,223245,221834,60,36262,final_hold
fall_3,held back,left,forward,241,223255,221834,60,36270,final_hold
fall_3,held back,left,forward,242,223265,221834,60,36277,final_hold
fall_3,held back,left,forward,243,223275,221834,60,36284,final_hold
fall_3,held back,left,forward,244,223285,221834,60,36292,final_hold
fall_3,held back,left,forward,245,223295,221834,60,36300,final_hold
fall_3,held back,left,forward,246,223305,221834,60,36307,final_hold
fall_3,held back,left,forward,247,223315,221834,60,36315,final_hold
fall_3,held back,left,forward,248,223325,221834,60,36322,final_hold
fall_3,held back,left,forward,249,223335,221834,60,36330,final_hold
fall_3,held back,left,forward,250,223345,221834,60,36337,final_hold
fall_3,held back,left,forward,251,223355,221834,60,36345,final_hold
fall_3,held back,left,forward,252,223365,221834,60,36352,final_hold
fall_3,held back,left,forward,253,223375,221834,60,36360,final_hold
fall_3,held back,left,forward,254,223385,221834,60,36368,final_hold
fall_3,held back,left,forward,255,223395,221834,60,36375,final_hold
fall_3,held back,left,forward,256,223405,221834,60,36383,final_hold
fall_3,held back,left,forward,257,223415,221834,60,36390,final_hold
fall_3,held back,left,forward,258,223425,221834,60,36398,final_hold
fall_3,held back,left,forward,259,223435,221834,60,36405,final_hold
fall_3,held back,left,forward,260,223445,221834,60,36413,final_hold
fall_3,held back,left,forward,261,223455,221834,60,36420,final_hold
fall_3,held back,left,forward,262,223465,221834,60,36428,final_hold
fall_3,held back,left,forward,263,223475,221834,60,36435,final_hold
fall_3,held back,left,forward,264,223485,221834,60,36443,final_hold
fall_3,held back,left,forward,265,223495,221834,60,36451,final_hold
fall_3,held back,left,forward,266,223505,221834,60,36458,final_hold
fall_3,held back,left,forward,267,223515,221834,60,36466,final_hold
fall_3,held back,left,forward,268,223525,221834,60,36473,final_hold
fall_3,held back,left,forward,269,223535,221834,60,36481,final_hold
fall_3,held back,left,forward,270,223545,221834,60,36488,final_hold
fall_3,held back,left,forward,271,223555,221834,60,36496,final_hold
fall_3,held back,left,forward,272,223565,221834,60,36503,final_hold
fall_3,held back,left,forward,273,223575,221834,60,36511,final_hold
fall_3,held back,left,forward,274,223585,221834,60,36519,final_hold
fall_3,held back,left,forward,275,223595,221834,60,36526,final_hold
fall_3,held back,left,forward,276,223605,221834,60,36534,final_hold
fall_3,held back,left,forward,277,223615,221834,60,36541,final_hold
fall_3,held back,left,forward,278,223625,221834,60,36549,final_hold
fall_3,held back,left,forward,279,223635,221834,60,36556,final_hold
fall_3,held back,left,forward,280,223645,221834,60,36564,final_hold
fall_3,held back,left,forward,281,223655,221834,60,36572,final_hold
fall_3,held back,left,forward,282,223665,221834,60,36579,final_hold
fall_3,held back,left,forward,283,223675,221834,60,36587,final_hold
fall_3,held back,left,forward,284,223685,221834,60,36594,final_hold
fall_3,held back,left,forward,285,223695,221834,60,36602,final_hold
fall_3,held back,left,forward,286,223705,221834,60,36610,final_hold
fall_3,held back,left,forward,287,223715,221834,60,36617,final_hold
fall_3,held back,left,forward,288,223725,221834,60,36624,final_hold
fall_3,held back,left,forward,289,223735,221834,60,36632,final_hold
fall_3,held back,left,forward,290,223745,221834,60,36640,final_hold
fall_3,held back,left,forward,291,223755,221834,60,36647,final_hold
fall_3,held back,left,forward,292,223765,221834,60,36655,final_hold
fall_3,held back,left,forward,293,223775,221834,60,36662,final_hold
fall_3,held back,left,forward,294,223785,221834,60,36670,final_hold
fall_3,held back,left,forward,295,223795,221834,60,36678,final_hold
fall_3,held back,left,forward,296,223805,221834,60,36685,final_hold
fall_3,held back,left,forward,297,223815,221834,60,36692,final_hold
fall_3,held back,left,forward,298,223825,221834,60,36700,final_hold
fall_3,held back,left,forward,299,223835,221834,60,36707,final_hold
fall_3,held back,left,forward,300,223845,221834,60,36715,final_hold
fall_3,held back,left,forward,301,223855,221834,60,36722,final_hold
fall_3,held back,left,forward,302,223865,221834,60,36730,final_hold
fall_3,held back,left,forward,303,223875,221834,60,36738,final_hold
fall_3,held back,left,forward,304,223885,221834,60,36745,final_hold
fall_3,held back,left,forward,305,223895,221834,60,36753,final_hold
fall_3,held back,left,forward,306,223905,221834,60,36760,final_hold
fall_3,held back,left,forward,307,223915,221834,60,36768,final_hold
fall_3,held back,left,forward,308,223925,221834,60,36775,final_hold
fall_3,held back,left,forward,309,223935,221834,60,36783,final_hold
fall_3,held back,left,forward,310,223945,221834,60,36790,final_hold
fall_3,held back,left,forward,311,223955,221834,60,36798,final_hold
fall_3,held back,left,forward,312,223965,221834,60,36806,final_hold
fall_3,held back,left,forward,313,223975,221834,60,36813,final_hold
fall_3,held back,left,forward,314,223985,221834,60,36821,final_hold
fall_3,held back,left,forward,315,223995,221834,60,36828,final_hold
fall_3,held back,left,forward,316,224005,221834,60,36836,final_hold
fall_3,held back,left,forward,317,224015,221834,60,36844,final_hold
fall_3,held back,left,forward,318,224025,221834,60,36851,final_hold
fall_3,held back,left,forward,319,224035,221834,60,36859,final_hold
fall_3,held back,left,forward,320,224045,221834,60,36866,final_hold
fall_3,held back,left,forward,321,224055,221834,60,36874,final_hold
fall_3,held back,left,forward,322,224065,221834,60,36881,final_hold
fall_3,held back,left,forward,323,224075,221834,60,36889,final_hold
fall_3,held back,left,forward,324,224085,221834,60,36896,final_hold
fall_3,held back,left,forward,325,224095,221834,60,36904,final_hold
fall_3,held back,left,forward,326,224105,221834,60,36911,final_hold
fall_3,held back,left,forward,327,224116,221834,60,36920,final_hold
fall_3,held back,left,forward,328,224126,221834,60,36927,final_hold
fall_3,held back,left,forward,329,224136,221834,60,36935,final_hold
fall_3,held back,left,forward,330,224146,221834,60,36942,final_hold
fall_3,held back,left,forward,331,224156,221834,60,36950,final_hold
fall_3,held back,left,forward,332,224166,221834,60,36958,final_hold
fall_3,held back,left,forward,333,224176,221834,60,36965,final_hold
fall_3,held back,left,forward,334,224186,221834,60,36972,final_hold
fall_3,held back,left,forward,335,224196,221834,60,36980,final_hold
fall_3,held back,left,forward,336,224206,221834,60,36988,final_hold
fall_3,held back,left,forward,337,224216,221834,60,36995,final_hold
fall_3,held back,left,forward,338,224226,221834,60,37003,final_hold
fall_3,held back,left,forward,339,224236,221834,60,37010,final_hold
fall_4,held back,left,forward,0,225246,226236,140,37086,initial_hold
fall_4,held back,left,forward,1,225256,226236,140,37086,initial_hold
fall_4,held back,left,forward,2,225266,226236,140,37086,initial_hold
fall_4,held back,left,forward,3,225276,226236,140,37086,initial_hold
fall_4,held back,left,forward,4,225286,226236,140,37086,initial_hold
fall_4,held back,left,forward,5,225296,226236,140,37086,initial_hold
fall_4,held back,left,forward,6,225306,226236,140,37086,initial_hold
fall_4,held back,left,forward,7,225316,226236,140,37086,initial_hold
fall_4,held back,left,forward,8,225326,226236,140,37086,initial_hold
fall_4,held back,left,forward,9,225336,226236,140,37086,initial_hold
fall_4,held back,left,forward,10,225346,226236,140,37087,initial_hold
fall_4,held back,left,forward,11,225356,226236,140,37089,initial_hold
fall_4,held back,left,forward,12,225366,226236,140,37092,initial_hold
fall_4,held back,left,forward,13,225376,226236,140,37098,initial_hold
fall_4,held back,left,forward,14,225386,226236,140,37104,initial_hold
fall_4,held back,left,forward,15,225396,226236,140,37111,initial_hold
fall_4,held back,left,forward,16,225406,226236,140,37120,initial_hold
fall_4,held back,left,forward,17,225416,226236,140,37130,initial_hold
fall_4,held back,left,forward,18,225426,226236,140,37141,initial_hold
fall_4,held back,left,forward,19,225436,226236,140,37153,initial_hold
fall_4,held back,left,forward,20,225446,226236,140,37166,initial_hold
fall_4,held back,left,forward,21,225456,226236,140,37180,initial_hold
fall_4,held back,left,forward,22,225466,226236,140,37194,initial_hold
fall_4,held back,left,forward,23,225476,226236,140,37209,initial_hold
fall_4,held back,left,forward,24,225486,226236,140,37224,initial_hold
fall_4,held back,left,forward,25,225496,226236,140,37240,initial_hold
fall_4,held back,left,forward,26,225506,226236,140,37256,initial_hold
fall_4,held back,left,forward,27,225516,226236,140,37273,initial_hold
fall_4,held back,left,forward,28,225526,226236,140,37290,initial_hold
fall_4,held back,left,forward,29,225536,226236,140,37307,initial_hold
fall_4,held back,left,forward,30,225546,226236,140,37324,initial_hold
fall_4,held back,left,forward,31,225556,226236,140,37342,initial_hold
fall_4,held back,left,forward,32,225566,226236,140,37359,initial_hold
fall_4,held back,left,forward,33,225576,226236,140,37377,initial_hold
fall_4,held back,left,forward,34,225586,226236,140,37395,initial_hold
fall_4,held back,left,forward,35,225596,226236,140,37413,initial_hold
fall_4,held back,left,forward,36,225606,226236,140,37431,initial_hold
fall_4,held back,left,forward,37,225616,226236,140,37450,initial_hold
fall_4,held back,left,forward,38,225626,226236,140,37468,initial_hold
fall_4,held back,left,forward,39,225636,226236,140,37486,initial_hold
fall_4,held back,left,forward,40,225646,226236,140,37505,initial_hold
fall_4,held back,left,forward,41,225656,226236,140,37523,initial_hold
fall_4,held back,left,forward,42,225666,226236,140,37542,initial_hold
fall_4,held back,left,forward,43,225676,226236,140,37560,initial_hold
fall_4,held back,left,forward,44,225686,226236,140,37579,initial_hold
fall_4,held back,left,forward,45,225696,226236,140,37598,initial_hold
fall_4,held back,left,forward,46,225706,226236,140,37616,initial_hold
fall_4,held back,left,forward,47,225716,226236,140,37635,initial_hold
fall_4,held back,left,forward,48,225726,226236,140,37653,initial_hold
fall_4,held back,left,forward,49,225736,226236,140,37672,initial_hold
fall_4,held back,left,forward,50,225746,226236,140,37691,initial_hold
fall_4,held back,left,forward,51,225756,226236,140,37710,initial_hold
fall_4,held back,left,forward,52,225766,226236,140,37728,initial_hold
fall_4,held back,left,forward,53,225776,226236,140,37747,initial_hold
fall_4,held back,left,forward,54,225786,226236,140,37765,initial_hold
fall_4,held back,left,forward,55,225796,226236,140,37784,initial_hold
fall_4,held back,left,forward,56,225806,226236,140,37803,initial_hold
fall_4,held back,left,forward,57,225816,226236,140,37821,initial_hold
fall_4,held back,left,forward,58,225826,226236,140,37840,initial_hold
fall_4,held back,left,forward,59,225836,226236,140,37859,initial_hold
fall_4,held back,left,forward,60,225846,226236,140,37878,initial_hold
fall_4,held back,left,forward,61,225856,226236,140,37897,initial_hold
fall_4,held back,left,forward,62,225866,226236,140,37915,initial_hold
fall_4,held back,left,forward,63,225876,226236,140,37934,initial_hold
fall_4,held back,left,forward,64,225886,226236,140,37953,initial_hold
fall_4,held back,left,forward,65,225896,226236,140,37971,initial_hold
fall_4,held back,left,forward,66,225906,226236,140,37990,initial_hold
fall_4,held back,left,forward,67,225916,226236,140,38009,initial_hold
fall_4,held back,left,forward,68,225926,226236,140,38028,initial_hold
fall_4,held back,left,forward,69,225936,226236,140,38047,initial_hold
fall_4,held back,left,forward,70,225946,226236,140,38065,initial_hold
fall_4,held back,left,forward,71,225956,226236,140,38084,initial_hold
fall_4,held back,left,forward,72,225966,226236,140,38103,initial_hold
fall_4,held back,left,forward,73,225976,226236,140,38122,initial_hold
fall_4,held back,left,forward,74,225986,226236,140,38140,initial_hold
fall_4,held back,left,forward,75,225996,226236,140,38159,initial_hold
fall_4,held back,left,forward,76,226006,226236,140,38178,initial_hold
fall_4,held back,left,forward,77,226016,226236,140,38197,initial_hold
fall_4,held back,left,forward,78,226026,226236,140,38216,initial_hold
fall_4,held back,left,forward,79,226036,226236,140,38234,initial_hold
fall_4,held back,left,forward,80,226046,226236,140,38253,initial_hold
fall_4,held back,left,forward,81,226056,226236,140,38272,initial_hold
fall_4,held back,left,forward,82,226066,226236,140,38291,initial_hold
fall_4,held back,left,forward,83,226076,226236,140,38310,initial_hold
fall_4,held back,left,forward,84,226086,226236,140,38328,initial_hold
fall_4,held back,left,forward,85,226096,226236,140,38347,initial_hold
fall_4,held back,left,forward,86,226106,226236,140,38366,initial_hold
fall_4,held back,left,forward,87,226117,226236,140,38387,initial_hold
fall_4,held back,left,forward,88,226127,226236,140,38405,initial_hold
fall_4,held back,left,forward,89,226137,226236,140,38424,initial_hold
fall_4,held back,left,forward,90,226147,226236,140,38443,initial_hold
fall_4,held back,left,forward,91,226157,226236,140,38462,initial_hold
fall_4,held back,left,forward,92,226167,226236,140,38481,initial_hold
fall_4,held back,left,forward,93,226177,226236,140,38499,initial_hold
fall_4,held back,left,forward,94,226187,226236,140,38518,initial_hold
fall_4,held back,left,forward,95,226197,226236,140,38537,initial_hold
fall_4,held back,left,forward,96,226207,226236,140,38555,initial_hold
fall_4,held back,left,forward,97,226217,226236,140,38574,initial_hold
fall_4,held back,left,forward,98,226227,226236,140,38593,initial_hold
fall_4,held back,left,forward,99,226237,226236,140,38612,initial_hold
fall_4,held back,left,forward,100,226247,226236,60,38631,transient
fall_4,held back,left,forward,101,226257,226236,60,38649,transient
fall_4,held back,left,forward,102,226267,226236,60,38668,transient
fall_4,held back,left,forward,103,226277,226236,60,38687,transient
fall_4,held back,left,forward,104,226287,226236,60,38705,transient
fall_4,held back,left,forward,105,226297,226236,60,38722,transient
fall_4,held back,left,forward,106,226307,226236,60,38740,transient
fall_4,held back,left,forward,107,226317,226236,60,38756,transient
fall_4,held back,left,forward,108,226327,226236,60,38772,transient
fall_4,held back,left,forward,109,226337,226236,60,38788,transient
fall_4,held back,left,forward,110,226347,226236,60,38802,transient
fall_4,held back,left,forward,111,226357,226236,60,38815,transient
fall_4,held back,left,forward,112,226367,226236,60,38828,transient
fall_4,held back,left,forward,113,226377,226236,60,38841,transient
fall_4,held back,left,forward,114,226387,226236,60,38852,transient
fall_4,held back,left,forward,115,226397,226236,60,38863,transient
fall_4,held back,left,forward,116,226407,226236,60,38874,transient
fall_4,held back,left,forward,117,226417,226236,60,38884,transient
fall_4,held back,left,forward,118,226427,226236,60,38894,transient
fall_4,held back,left,forward,119,226437,226236,60,38903,transient
fall_4,held back,left,forward,120,226447,226236,60,38912,transient
fall_4,held back,left,forward,121,226457,226236,60,38921,transient
fall_4,held back,left,forward,122,226467,226236,60,38930,transient
fall_4,held back,left,forward,123,226477,226236,60,38939,transient
fall_4,held back,left,forward,124,226487,226236,60,38947,transient
fall_4,held back,left,forward,125,226497,226236,60,38955,transient
fall_4,held back,left,forward,126,226507,226236,60,38964,transient
fall_4,held back,left,forward,127,226517,226236,60,38972,transient
fall_4,held back,left,forward,128,226527,226236,60,38980,transient
fall_4,held back,left,forward,129,226537,226236,60,38988,transient
fall_4,held back,left,forward,130,226547,226236,60,38996,transient
fall_4,held back,left,forward,131,226557,226236,60,39004,transient
fall_4,held back,left,forward,132,226567,226236,60,39011,transient
fall_4,held back,left,forward,133,226577,226236,60,39019,transient
fall_4,held back,left,forward,134,226587,226236,60,39027,transient
fall_4,held back,left,forward,135,226597,226236,60,39035,transient
fall_4,held back,left,forward,136,226607,226236,60,39042,transient
fall_4,held back,left,forward,137,226617,226236,60,39050,transient
fall_4,held back,left,forward,138,226627,226236,60,39058,transient
fall_4,held back,left,forward,139,226637,226236,60,39065,transient
fall_4,held back,left,forward,140,226647,226236,60,39073,transient
fall_4,held back,left,forward,141,226657,226236,60,39080,transient
fall_4,held back,left,forward,142,226667,226236,60,39088,transient
fall_4,held back,left,forward,143,226677,226236,60,39096,transient
fall_4,held back,left,forward,144,226687,226236,60,39103,transient
fall_4,held back,left,forward,145,226697,226236,60,39110,transient
fall_4,held back,left,forward,146,226707,226236,60,39118,transient
fall_4,held back,left,forward,147,226717,226236,60,39126,transient
fall_4,held back,left,forward,148,226727,226236,60,39133,transient
fall_4,held back,left,forward,149,226737,226236,60,39141,transient
fall_4,held back,left,forward,150,226747,226236,60,39148,transient
fall_4,held back,left,forward,151,226757,226236,60,39156,transient
fall_4,held back,left,forward,152,226767,226236,60,39163,transient
fall_4,held back,left,forward,153,226777,226236,60,39171,transient
fall_4,held back,left,forward,154,226787,226236,60,39179,transient
fall_4,held back,left,forward,155,226797,226236,60,39186,transient
fall_4,held back,left,forward,156,226807,226236,60,39194,transient
fall_4,held back,left,forward,157,226817,226236,60,39201,transient
fall_4,held back,left,forward,158,226827,226236,60,39209,transient
fall_4,held back,left,forward,159,226837,226236,60,39216,transient
fall_4,held back,left,forward,160,226847,226236,60,39224,transient
fall_4,held back,left,forward,161,226857,226236,60,39231,transient
fall_4,held back,left,forward,162,226867,226236,60,39239,transient
fall_4,held back,left,forward,163,226877,226236,60,39246,transient
fall_4,held back,left,forward,164,226887,226236,60,39254,transient
fall_4,held back,left,forward,165,226897,226236,60,39262,transient
fall_4,held back,left,forward,166,226907,226236,60,39269,transient
fall_4,held back,left,forward,167,226917,226236,60,39277,transient
fall_4,held back,left,forward,168,226927,226236,60,39284,transient
fall_4,held back,left,forward,169,226937,226236,60,39292,transient
fall_4,held back,left,forward,170,226947,226236,60,39299,transient
fall_4,held back,left,forward,171,226957,226236,60,39307,transient
fall_4,held back,left,forward,172,226967,226236,60,39314,transient
fall_4,held back,left,forward,173,226977,226236,60,39322,transient
fall_4,held back,left,forward,174,226987,226236,60,39330,transient
fall_4,held back,left,forward,175,226997,226236,60,39337,transient
fall_4,held back,left,forward,176,227007,226236,60,39345,transient
fall_4,held back,left,forward,177,227017,226236,60,39352,transient
fall_4,held back,left,forward,178,227027,226236,60,39360,transient
fall_4,held back,left,forward,179,227037,226236,60,39367,transient
fall_4,held back,left,forward,180,227047,226236,60,39375,transient
fall_4,held back,left,forward,181,227057,226236,60,39383,transient
fall_4,held back,left,forward,182,227067,226236,60,39390,transient
fall_4,held back,left,forward,183,227077,226236,60,39398,transient
fall_4,held back,left,forward,184,227087,226236,60,39405,transient
fall_4,held back,left,forward,185,227097,226236,60,39413,transient
fall_4,held back,left,forward,186,227107,226236,60,39420,transient
fall_4,held back,left,forward,187,227117,226236,60,39428,transient
fall_4,held back,left,forward,188,227127,226236,60,39435,transient
fall_4,held back,left,forward,189,227137,226236,60,39443,transient
fall_4,held back,left,forward,190,227147,226236,60,39451,transient
fall_4,held back,left,forward,191,227157,226236,60,39458,transient
fall_4,held back,left,forward,192,227167,226236,60,39466,transient
fall_4,held back,left,forward,193,227177,226236,60,39473,transient
fall_4,held back,left,forward,194,227187,226236,60,39481,transient
fall_4,held back,left,forward,195,227197,226236,60,39488,transient
fall_4,held back,left,forward,196,227207,226236,60,39496,transient
fall_4,held back,left,forward,197,227217,226236,60,39504,transient
fall_4,held back,left,forward,198,227227,226236,60,39511,transient
fall_4,held back,left,forward,199,227237,226236,60,39519,transient
fall_4,held back,left,forward,200,227247,226236,60,39526,transient
fall_4,held back,left,forward,201,227257,226236,60,39534,transient
fall_4,held back,left,forward,202,227267,226236,60,39541,transient
fall_4,held back,left,forward,203,227277,226236,60,39549,transient
fall_4,held back,left,forward,204,227287,226236,60,39556,transient
fall_4,held back,left,forward,205,227297,226236,60,39564,transient
fall_4,held back,left,forward,206,227307,226236,60,39571,transient
fall_4,held back,left,forward,207,227317,226236,60,39579,transient
fall_4,held back,left,forward,208,227327,226236,60,39587,transient
fall_4,held back,left,forward,209,227337,226236,60,39594,transient
fall_4,held back,left,forward,210,227347,226236,60,39602,transient
fall_4,held back,left,forward,211,227357,226236,60,39609,transient
fall_4,held back,left,forward,212,227367,226236,60,39617,transient
fall_4,held back,left,forward,213,227377,226236,60,39624,transient
fall_4,held back,left,forward,214,227387,226236,60,39632,transient
fall_4,held back,left,forward,215,227397,226236,60,39639,transient
fall_4,held back,left,forward,216,227407,226236,60,39647,transient
fall_4,held back,left,forward,217,227417,226236,60,39654,transient
fall_4,held back,left,forward,218,227427,226236,60,39662,transient
fall_4,held back,left,forward,219,227437,226236,60,39670,transient
fall_4,held back,left,forward,220,227447,226236,60,39677,transient
fall_4,held back,left,forward,221,227457,226236,60,39685,transient
fall_4,held back,left,forward,222,227467,226236,60,39692,transient
fall_4,held back,left,forward,223,227477,226236,60,39700,transient
fall_4,held back,left,forward,224,227487,226236,60,39707,transient
fall_4,held back,left,forward,225,227497,226236,60,39715,transient
fall_4,held back,left,forward,226,227507,226236,60,39723,transient
fall_4,held back,left,forward,227,227517,226236,60,39730,transient
fall_4,held back,left,forward,228,227527,226236,60,39738,transient
fall_4,held back,left,forward,229,227537,226236,60,39745,transient
fall_4,held back,left,forward,230,227547,226236,60,39753,transient
fall_4,held back,left,forward,231,227557,226236,60,39760,transient
fall_4,held back,left,forward,232,227567,226236,60,39768,transient
fall_4,held back,left,forward,233,227577,226236,60,39776,transient
fall_4,held back,left,forward,234,227587,226236,60,39783,transient
fall_4,held back,left,forward,235,227597,226236,60,39791,transient
fall_4,held back,left,forward,236,227607,226236,60,39798,transient
fall_4,held back,left,forward,237,227617,226236,60,39806,transient
fall_4,held back,left,forward,238,227627,226236,60,39813,transient
fall_4,held back,left,forward,239,227637,226236,60,39821,transient
fall_4,held back,left,forward,240,227647,226236,60,39828,final_hold
fall_4,held back,left,forward,241,227657,226236,60,39836,final_hold
fall_4,held back,left,forward,242,227667,226236,60,39844,final_hold
fall_4,held back,left,forward,243,227677,226236,60,39851,final_hold
fall_4,held back,left,forward,244,227687,226236,60,39859,final_hold
fall_4,held back,left,forward,245,227697,226236,60,39866,final_hold
fall_4,held back,left,forward,246,227707,226236,60,39874,final_hold
fall_4,held back,left,forward,247,227717,226236,60,39881,final_hold
fall_4,held back,left,forward,248,227727,226236,60,39889,final_hold
fall_4,held back,left,forward,249,227737,226236,60,39896,final_hold
fall_4,held back,left,forward,250,227747,226236,60,39904,final_hold
fall_4,held back,left,forward,251,227757,226236,60,39911,final_hold
fall_4,held back,left,forward,252,227767,226236,60,39919,final_hold
fall_4,held back,left,forward,253,227777,226236,60,39927,final_hold
fall_4,held back,left,forward,254,227787,226236,60,39934,final_hold
fall_4,held back,left,forward,255,227797,226236,60,39942,final_hold
fall_4,held back,left,forward,256,227807,226236,60,39949,final_hold
fall_4,held back,left,forward,257,227817,226236,60,39957,final_hold
fall_4,held back,left,forward,258,227827,226236,60,39964,final_hold
fall_4,held back,left,forward,259,227837,226236,60,39972,final_hold
fall_4,held back,left,forward,260,227847,226236,60,39979,final_hold
fall_4,held back,left,forward,261,227857,226236,60,39987,final_hold
fall_4,held back,left,forward,262,227867,226236,60,39994,final_hold
fall_4,held back,left,forward,263,227877,226236,60,40002,final_hold
fall_4,held back,left,forward,264,227887,226236,60,40010,final_hold
fall_4,held back,left,forward,265,227897,226236,60,40017,final_hold
fall_4,held back,left,forward,266,227907,226236,60,40025,final_hold
fall_4,held back,left,forward,267,227917,226236,60,40032,final_hold
fall_4,held back,left,forward,268,227927,226236,60,40040,final_hold
fall_4,held back,left,forward,269,227937,226236,60,40047,final_hold
fall_4,held back,left,forward,270,227947,226236,60,40055,final_hold
fall_4,held back,left,forward,271,227957,226236,60,40062,final_hold
fall_4,held back,left,forward,272,227967,226236,60,40070,final_hold
fall_4,held back,left,forward,273,227977,226236,60,40078,final_hold
fall_4,held back,left,forward,274,227987,226236,60,40085,final_hold
fall_4,held back,left,forward,275,227997,226236,60,40093,final_hold
fall_4,held back,left,forward,276,228007,226236,60,40100,final_hold
fall_4,held back,left,forward,277,228017,226236,60,40108,final_hold
fall_4,held back,left,forward,278,228027,226236,60,40115,final_hold
fall_4,held back,left,forward,279,228037,226236,60,40123,final_hold
fall_4,held back,left,forward,280,228047,226236,60,40130,final_hold
fall_4,held back,left,forward,281,228057,226236,60,40138,final_hold
fall_4,held back,left,forward,282,228067,226236,60,40146,final_hold
fall_4,held back,left,forward,283,228077,226236,60,40153,final_hold
fall_4,held back,left,forward,284,228087,226236,60,40161,final_hold
fall_4,held back,left,forward,285,228097,226236,60,40168,final_hold
fall_4,held back,left,forward,286,228107,226236,60,40176,final_hold
fall_4,held back,left,forward,287,228118,226236,60,40184,final_hold
fall_4,held back,left,forward,288,228128,226236,60,40192,final_hold
fall_4,held back,left,forward,289,228138,226236,60,40199,final_hold
fall_4,held back,left,forward,290,228148,226236,60,40207,final_hold
fall_4,held back,left,forward,291,228158,226236,60,40214,final_hold
fall_4,held back,left,forward,292,228168,226236,60,40222,final_hold
fall_4,held back,left,forward,293,228178,226236,60,40230,final_hold
fall_4,held back,left,forward,294,228188,226236,60,40237,final_hold
fall_4,held back,left,forward,295,228198,226236,60,40245,final_hold
fall_4,held back,left,forward,296,228208,226236,60,40252,final_hold
fall_4,held back,left,forward,297,228218,226236,60,40260,final_hold
fall_4,held back,left,forward,298,228228,226236,60,40267,final_hold
fall_4,held back,left,forward,299,228238,226236,60,40275,final_hold
fall_4,held back,left,forward,300,228248,226236,60,40282,final_hold
fall_4,held back,left,forward,301,228258,226236,60,40290,final_hold
fall_4,held back,left,forward,302,228268,226236,60,40297,final_hold
fall_4,held back,left,forward,303,228278,226236,60,40305,final_hold
fall_4,held back,left,forward,304,228288,226236,60,40312,final_hold
fall_4,held back,left,forward,305,228298,226236,60,40320,final_hold
fall_4,held back,left,forward,306,228308,226236,60,40328,final_hold
fall_4,held back,left,forward,307,228318,226236,60,40335,final_hold
fall_4,held back,left,forward,308,228328,226236,60,40343,final_hold
fall_4,held back,left,forward,309,228338,226236,60,40350,final_hold
fall_4,held back,left,forward,310,228348,226236,60,40358,final_hold
fall_4,held back,left,forward,311,228358,226236,60,40365,final_hold
fall_4,held back,left,forward,312,228368,226236,60,40373,final_hold
fall_4,held back,left,forward,313,228378,226236,60,40380,final_hold
fall_4,held back,left,forward,314,228388,226236,60,40388,final_hold
fall_4,held back,left,forward,315,228398,226236,60,40396,final_hold
fall_4,held back,left,forward,316,228408,226236,60,40403,final_hold
fall_4,held back,left,forward,317,228418,226236,60,40411,final_hold
fall_4,held back,left,forward,318,228428,226236,60,40418,final_hold
fall_4,held back,left,forward,319,228438,226236,60,40426,final_hold
fall_4,held back,left,forward,320,228448,226236,60,40433,final_hold
fall_4,held back,left,forward,321,228458,226236,60,40441,final_hold
fall_4,held back,left,forward,322,228468,226236,60,40448,final_hold
fall_4,held back,left,forward,323,228478,226236,60,40456,final_hold
fall_4,held back,left,forward,324,228488,226236,60,40464,final_hold
fall_4,held back,left,forward,325,228498,226236,60,40471,final_hold
fall_4,held back,left,forward,326,228508,226236,60,40479,final_hold
fall_4,held back,left,forward,327,228518,226236,60,40486,final_hold
fall_4,held back,left,forward,328,228528,226236,60,40494,final_hold
fall_4,held back,left,forward,329,228538,226236,60,40501,final_hold
fall_4,held back,left,forward,330,228548,226236,60,40509,final_hold
fall_4,held back,left,forward,331,228558,226236,60,40516,final_hold
fall_4,held back,left,forward,332,228568,226236,60,40524,final_hold
fall_4,held back,left,forward,333,228578,226236,60,40532,final_hold
fall_4,held back,left,forward,334,228588,226236,60,40539,final_hold
fall_4,held back,left,forward,335,228598,226236,60,40547,final_hold
fall_4,held back,left,forward,336,228608,226236,60,40554,final_hold
fall_4,held back,left,forward,337,228618,226236,60,40562,final_hold
fall_4,held back,left,forward,338,228628,226236,60,40570,final_hold
fall_4,held back,left,forward,339,228638,226236,60,40577,final_hold
fall_5,held back,left,forward,0,229648,230638,140,40654,initial_hold
fall_5,held back,left,forward,1,229658,230638,140,40654,initial_hold
fall_5,held back,left,forward,2,229668,230638,140,40654,initial_hold
fall_5,held back,left,forward,3,229678,230638,140,40654,initial_hold
fall_5,held back,left,forward,4,229688,230638,140,40654,initial_hold
fall_5,held back,left,forward,5,229698,230638,140,40654,initial_hold
fall_5,held back,left,forward,6,229708,230638,140,40654,initial_hold
fall_5,held back,left,forward,7,229718,230638,140,40654,initial_hold
fall_5,held back,left,forward,8,229728,230638,140,40654,initial_hold
fall_5,held back,left,forward,9,229738,230638,140,40654,initial_hold
fall_5,held back,left,forward,10,229748,230638,140,40655,initial_hold
fall_5,held back,left,forward,11,229758,230638,140,40656,initial_hold
fall_5,held back,left,forward,12,229768,230638,140,40659,initial_hold
fall_5,held back,left,forward,13,229778,230638,140,40664,initial_hold
fall_5,held back,left,forward,14,229788,230638,140,40670,initial_hold
fall_5,held back,left,forward,15,229798,230638,140,40677,initial_hold
fall_5,held back,left,forward,16,229808,230638,140,40686,initial_hold
fall_5,held back,left,forward,17,229818,230638,140,40696,initial_hold
fall_5,held back,left,forward,18,229828,230638,140,40707,initial_hold
fall_5,held back,left,forward,19,229838,230638,140,40718,initial_hold
fall_5,held back,left,forward,20,229848,230638,140,40731,initial_hold
fall_5,held back,left,forward,21,229858,230638,140,40745,initial_hold
fall_5,held back,left,forward,22,229868,230638,140,40759,initial_hold
fall_5,held back,left,forward,23,229878,230638,140,40774,initial_hold
fall_5,held back,left,forward,24,229888,230638,140,40789,initial_hold
fall_5,held back,left,forward,25,229898,230638,140,40805,initial_hold
fall_5,held back,left,forward,26,229908,230638,140,40821,initial_hold
fall_5,held back,left,forward,27,229918,230638,140,40838,initial_hold
fall_5,held back,left,forward,28,229928,230638,140,40855,initial_hold
fall_5,held back,left,forward,29,229938,230638,140,40872,initial_hold
fall_5,held back,left,forward,30,229948,230638,140,40889,initial_hold
fall_5,held back,left,forward,31,229958,230638,140,40907,initial_hold
fall_5,held back,left,forward,32,229968,230638,140,40924,initial_hold
fall_5,held back,left,forward,33,229978,230638,140,40942,initial_hold
fall_5,held back,left,forward,34,229988,230638,140,40960,initial_hold
fall_5,held back,left,forward,35,229998,230638,140,40978,initial_hold
fall_5,held back,left,forward,36,230008,230638,140,40997,initial_hold
fall_5,held back,left,forward,37,230018,230638,140,41015,initial_hold
fall_5,held back,left,forward,38,230028,230638,140,41033,initial_hold
fall_5,held back,left,forward,39,230038,230638,140,41051,initial_hold
fall_5,held back,left,forward,40,230048,230638,140,41070,initial_hold
fall_5,held back,left,forward,41,230058,230638,140,41089,initial_hold
fall_5,held back,left,forward,42,230068,230638,140,41107,initial_hold
fall_5,held back,left,forward,43,230078,230638,140,41125,initial_hold
fall_5,held back,left,forward,44,230088,230638,140,41144,initial_hold
fall_5,held back,left,forward,45,230098,230638,140,41163,initial_hold
fall_5,held back,left,forward,46,230108,230638,140,41181,initial_hold
fall_5,held back,left,forward,47,230119,230638,140,41202,initial_hold
fall_5,held back,left,forward,48,230129,230638,140,41220,initial_hold
fall_5,held back,left,forward,49,230139,230638,140,41239,initial_hold
fall_5,held back,left,forward,50,230149,230638,140,41258,initial_hold
fall_5,held back,left,forward,51,230159,230638,140,41277,initial_hold
fall_5,held back,left,forward,52,230169,230638,140,41295,initial_hold
fall_5,held back,left,forward,53,230179,230638,140,41314,initial_hold
fall_5,held back,left,forward,54,230189,230638,140,41332,initial_hold
fall_5,held back,left,forward,55,230199,230638,140,41351,initial_hold
fall_5,held back,left,forward,56,230209,230638,140,41370,initial_hold
fall_5,held back,left,forward,57,230219,230638,140,41388,initial_hold
fall_5,held back,left,forward,58,230229,230638,140,41407,initial_hold
fall_5,held back,left,forward,59,230239,230638,140,41426,initial_hold
fall_5,held back,left,forward,60,230249,230638,140,41445,initial_hold
fall_5,held back,left,forward,61,230259,230638,140,41464,initial_hold
fall_5,held back,left,forward,62,230269,230638,140,41482,initial_hold
fall_5,held back,left,forward,63,230279,230638,140,41501,initial_hold
fall_5,held back,left,forward,64,230289,230638,140,41520,initial_hold
fall_5,held back,left,forward,65,230299,230638,140,41538,initial_hold
fall_5,held back,left,forward,66,230309,230638,140,41557,initial_hold
fall_5,held back,left,forward,67,230319,230638,140,41576,initial_hold
fall_5,held back,left,forward,68,230329,230638,140,41595,initial_hold
fall_5,held back,left,forward,69,230339,230638,140,41614,initial_hold
fall_5,held back,left,forward,70,230349,230638,140,41632,initial_hold
fall_5,held back,left,forward,71,230359,230638,140,41651,initial_hold
fall_5,held back,left,forward,72,230369,230638,140,41670,initial_hold
fall_5,held back,left,forward,73,230379,230638,140,41689,initial_hold
fall_5,held back,left,forward,74,230389,230638,140,41708,initial_hold
fall_5,held back,left,forward,75,230399,230638,140,41726,initial_hold
fall_5,held back,left,forward,76,230409,230638,140,41745,initial_hold
fall_5,held back,left,forward,77,230419,230638,140,41764,initial_hold
fall_5,held back,left,forward,78,230429,230638,140,41783,initial_hold
fall_5,held back,left,forward,79,230439,230638,140,41801,initial_hold
fall_5,held back,left,forward,80,230449,230638,140,41820,initial_hold
fall_5,held back,left,forward,81,230459,230638,140,41839,initial_hold
fall_5,held back,left,forward,82,230469,230638,140,41858,initial_hold
fall_5,held back,left,forward,83,230479,230638,140,41876,initial_hold
fall_5,held back,left,forward,84,230489,230638,140,41895,initial_hold
fall_5,held back,left,forward,85,230499,230638,140,41914,initial_hold
fall_5,held back,left,forward,86,230509,230638,140,41933,initial_hold
fall_5,held back,left,forward,87,230519,230638,140,41951,initial_hold
fall_5,held back,left,forward,88,230529,230638,140,41970,initial_hold
fall_5,held back,left,forward,89,230539,230638,140,41989,initial_hold
fall_5,held back,left,forward,90,230549,230638,140,42008,initial_hold
fall_5,held back,left,forward,91,230559,230638,140,42026,initial_hold
fall_5,held back,left,forward,92,230569,230638,140,42045,initial_hold
fall_5,held back,left,forward,93,230579,230638,140,42064,initial_hold
fall_5,held back,left,forward,94,230589,230638,140,42083,initial_hold
fall_5,held back,left,forward,95,230599,230638,140,42101,initial_hold
fall_5,held back,left,forward,96,230609,230638,140,42120,initial_hold
fall_5,held back,left,forward,97,230619,230638,140,42139,initial_hold
fall_5,held back,left,forward,98,230629,230638,140,42158,initial_hold
fall_5,held back,left,forward,99,230639,230638,140,42176,initial_hold
fall_5,held back,left,forward,100,230649,230638,60,42195,transient
fall_5,held back,left,forward,101,230659,230638,60,42214,transient
fall_5,held back,left,forward,102,230669,230638,60,42233,transient
fall_5,held back,left,forward,103,230679,230638,60,42251,transient
fall_5,held back,left,forward,104,230689,230638,60,42269,transient
fall_5,held back,left,forward,105,230699,230638,60,42287,transient
fall_5,held back,left,forward,106,230709,230638,60,42304,transient
fall_5,held back,left,forward,107,230719,230638,60,42321,transient
fall_5,held back,left,forward,108,230729,230638,60,42337,transient
fall_5,held back,left,forward,109,230739,230638,60,42352,transient
fall_5,held back,left,forward,110,230749,230638,60,42366,transient
fall_5,held back,left,forward,111,230759,230638,60,42380,transient
fall_5,held back,left,forward,112,230769,230638,60,42393,transient
fall_5,held back,left,forward,113,230779,230638,60,42405,transient
fall_5,held back,left,forward,114,230789,230638,60,42416,transient
fall_5,held back,left,forward,115,230799,230638,60,42428,transient
fall_5,held back,left,forward,116,230809,230638,60,42438,transient
fall_5,held back,left,forward,117,230819,230638,60,42448,transient
fall_5,held back,left,forward,118,230829,230638,60,42458,transient
fall_5,held back,left,forward,119,230839,230638,60,42468,transient
fall_5,held back,left,forward,120,230849,230638,60,42477,transient
fall_5,held back,left,forward,121,230859,230638,60,42486,transient
fall_5,held back,left,forward,122,230869,230638,60,42495,transient
fall_5,held back,left,forward,123,230879,230638,60,42504,transient
fall_5,held back,left,forward,124,230889,230638,60,42512,transient
fall_5,held back,left,forward,125,230899,230638,60,42520,transient
fall_5,held back,left,forward,126,230909,230638,60,42528,transient
fall_5,held back,left,forward,127,230919,230638,60,42537,transient
fall_5,held back,left,forward,128,230929,230638,60,42545,transient
fall_5,held back,left,forward,129,230939,230638,60,42553,transient
fall_5,held back,left,forward,130,230949,230638,60,42561,transient
fall_5,held back,left,forward,131,230959,230638,60,42568,transient
fall_5,held back,left,forward,132,230969,230638,60,42576,transient
fall_5,held back,left,forward,133,230979,230638,60,42584,transient
fall_5,held back,left,forward,134,230989,230638,60,42592,transient
fall_5,held back,left,forward,135,230999,230638,60,42600,transient
fall_5,held back,left,forward,136,231009,230638,60,42607,transient
fall_5,held back,left,forward,137,231019,230638,60,42615,transient
fall_5,held back,left,forward,138,231029,230638,60,42622,transient
fall_5,held back,left,forward,139,231039,230638,60,42630,transient
fall_5,held back,left,forward,140,231049,230638,60,42638,transient
fall_5,held back,left,forward,141,231059,230638,60,42645,transient
fall_5,held back,left,forward,142,231069,230638,60,42653,transient
fall_5,held back,left,forward,143,231079,230638,60,42660,transient
fall_5,held back,left,forward,144,231089,230638,60,42668,transient
fall_5,held back,left,forward,145,231099,230638,60,42676,transient
fall_5,held back,left,forward,146,231109,230638,60,42683,transient
fall_5,held back,left,forward,147,231119,230638,60,42691,transient
fall_5,held back,left,forward,148,231129,230638,60,42698,transient
fall_5,held back,left,forward,149,231139,230638,60,42706,transient
fall_5,held back,left,forward,150,231149,230638,60,42713,transient
fall_5,held back,left,forward,151,231159,230638,60,42721,transient
fall_5,held back,left,forward,152,231169,230638,60,42728,transient
fall_5,held back,left,forward,153,231179,230638,60,42736,transient
fall_5,held back,left,forward,154,231189,230638,60,42744,transient
fall_5,held back,left,forward,155,231199,230638,60,42751,transient
fall_5,held back,left,forward,156,231209,230638,60,42759,transient
fall_5,held back,left,forward,157,231219,230638,60,42766,transient
fall_5,held back,left,forward,158,231229,230638,60,42774,transient
fall_5,held back,left,forward,159,231239,230638,60,42781,transient
fall_5,held back,left,forward,160,231249,230638,60,42789,transient
fall_5,held back,left,forward,161,231259,230638,60,42796,transient
fall_5,held back,left,forward,162,231269,230638,60,42804,transient
fall_5,held back,left,forward,163,231279,230638,60,42812,transient
fall_5,held back,left,forward,164,231289,230638,60,42819,transient
fall_5,held back,left,forward,165,231299,230638,60,42827,transient
fall_5,held back,left,forward,166,231309,230638,60,42834,transient
fall_5,held back,left,forward,167,231319,230638,60,42842,transient
fall_5,held back,left,forward,168,231329,230638,60,42849,transient
fall_5,held back,left,forward,169,231339,230638,60,42857,transient
fall_5,held back,left,forward,170,231349,230638,60,42864,transient
fall_5,held back,left,forward,171,231359,230638,60,42872,transient
fall_5,held back,left,forward,172,231369,230638,60,42879,transient
fall_5,held back,left,forward,173,231379,230638,60,42887,transient
fall_5,held back,left,forward,174,231389,230638,60,42895,transient
fall_5,held back,left,forward,175,231399,230638,60,42902,transient
fall_5,held back,left,forward,176,231409,230638,60,42910,transient
fall_5,held back,left,forward,177,231419,230638,60,42917,transient
fall_5,held back,left,forward,178,231429,230638,60,42925,transient
fall_5,held back,left,forward,179,231439,230638,60,42932,transient
fall_5,held back,left,forward,180,231449,230638,60,42940,transient
fall_5,held back,left,forward,181,231459,230638,60,42948,transient
fall_5,held back,left,forward,182,231469,230638,60,42955,transient
fall_5,held back,left,forward,183,231479,230638,60,42963,transient
fall_5,held back,left,forward,184,231489,230638,60,42970,transient
fall_5,held back,left,forward,185,231499,230638,60,42978,transient
fall_5,held back,left,forward,186,231509,230638,60,42985,transient
fall_5,held back,left,forward,187,231519,230638,60,42993,transient
fall_5,held back,left,forward,188,231529,230638,60,43000,transient
fall_5,held back,left,forward,189,231539,230638,60,43008,transient
fall_5,held back,left,forward,190,231549,230638,60,43016,transient
fall_5,held back,left,forward,191,231559,230638,60,43023,transient
fall_5,held back,left,forward,192,231569,230638,60,43031,transient
fall_5,held back,left,forward,193,231579,230638,60,43038,transient
fall_5,held back,left,forward,194,231589,230638,60,43046,transient
fall_5,held back,left,forward,195,231599,230638,60,43054,transient
fall_5,held back,left,forward,196,231609,230638,60,43061,transient
fall_5,held back,left,forward,197,231619,230638,60,43069,transient
fall_5,held back,left,forward,198,231629,230638,60,43076,transient
fall_5,held back,left,forward,199,231639,230638,60,43084,transient
fall_5,held back,left,forward,200,231649,230638,60,43091,transient
fall_5,held back,left,forward,201,231659,230638,60,43099,transient
fall_5,held back,left,forward,202,231669,230638,60,43106,transient
fall_5,held back,left,forward,203,231679,230638,60,43114,transient
fall_5,held back,left,forward,204,231689,230638,60,43122,transient
fall_5,held back,left,forward,205,231699,230638,60,43129,transient
fall_5,held back,left,forward,206,231709,230638,60,43137,transient
fall_5,held back,left,forward,207,231719,230638,60,43144,transient
fall_5,held back,left,forward,208,231729,230638,60,43152,transient
fall_5,held back,left,forward,209,231739,230638,60,43159,transient
fall_5,held back,left,forward,210,231749,230638,60,43167,transient
fall_5,held back,left,forward,211,231759,230638,60,43174,transient
fall_5,held back,left,forward,212,231769,230638,60,43182,transient
fall_5,held back,left,forward,213,231779,230638,60,43189,transient
fall_5,held back,left,forward,214,231789,230638,60,43197,transient
fall_5,held back,left,forward,215,231799,230638,60,43204,transient
fall_5,held back,left,forward,216,231809,230638,60,43212,transient
fall_5,held back,left,forward,217,231819,230638,60,43220,transient
fall_5,held back,left,forward,218,231829,230638,60,43227,transient
fall_5,held back,left,forward,219,231839,230638,60,43235,transient
fall_5,held back,left,forward,220,231849,230638,60,43242,transient
fall_5,held back,left,forward,221,231859,230638,60,43250,transient
fall_5,held back,left,forward,222,231869,230638,60,43257,transient
fall_5,held back,left,forward,223,231879,230638,60,43265,transient
fall_5,held back,left,forward,224,231889,230638,60,43272,transient
fall_5,held back,left,forward,225,231899,230638,60,43280,transient
fall_5,held back,left,forward,226,231909,230638,60,43288,transient
fall_5,held back,left,forward,227,231919,230638,60,43295,transient
fall_5,held back,left,forward,228,231929,230638,60,43303,transient
fall_5,held back,left,forward,229,231939,230638,60,43310,transient
fall_5,held back,left,forward,230,231949,230638,60,43318,transient
fall_5,held back,left,forward,231,231959,230638,60,43326,transient
fall_5,held back,left,forward,232,231969,230638,60,43333,transient
fall_5,held back,left,forward,233,231979,230638,60,43340,transient
fall_5,held back,left,forward,234,231989,230638,60,43348,transient
fall_5,held back,left,forward,235,231999,230638,60,43356,transient
fall_5,held back,left,forward,236,232009,230638,60,43363,transient
fall_5,held back,left,forward,237,232019,230638,60,43371,transient
fall_5,held back,left,forward,238,232029,230638,60,43378,transient
fall_5,held back,left,forward,239,232039,230638,60,43386,transient
fall_5,held back,left,forward,240,232049,230638,60,43394,final_hold
fall_5,held back,left,forward,241,232059,230638,60,43401,final_hold
fall_5,held back,left,forward,242,232069,230638,60,43409,final_hold
fall_5,held back,left,forward,243,232079,230638,60,43416,final_hold
fall_5,held back,left,forward,244,232089,230638,60,43424,final_hold
fall_5,held back,left,forward,245,232099,230638,60,43431,final_hold
fall_5,held back,left,forward,246,232109,230638,60,43439,final_hold
fall_5,held back,left,forward,247,232120,230638,60,43447,final_hold
fall_5,held back,left,forward,248,232130,230638,60,43455,final_hold
fall_5,held back,left,forward,249,232140,230638,60,43462,final_hold
fall_5,held back,left,forward,250,232150,230638,60,43470,final_hold
fall_5,held back,left,forward,251,232160,230638,60,43477,final_hold
fall_5,held back,left,forward,252,232170,230638,60,43485,final_hold
fall_5,held back,left,forward,253,232180,230638,60,43492,final_hold
fall_5,held back,left,forward,254,232190,230638,60,43500,final_hold
fall_5,held back,left,forward,255,232200,230638,60,43508,final_hold
fall_5,held back,left,forward,256,232210,230638,60,43515,final_hold
fall_5,held back,left,forward,257,232220,230638,60,43523,final_hold
fall_5,held back,left,forward,258,232230,230638,60,43530,final_hold
fall_5,held back,left,forward,259,232240,230638,60,43538,final_hold
fall_5,held back,left,forward,260,232250,230638,60,43545,final_hold
fall_5,held back,left,forward,261,232260,230638,60,43553,final_hold
fall_5,held back,left,forward,262,232270,230638,60,43560,final_hold
fall_5,held back,left,forward,263,232280,230638,60,43568,final_hold
fall_5,held back,left,forward,264,232290,230638,60,43575,final_hold
fall_5,held back,left,forward,265,232300,230638,60,43583,final_hold
fall_5,held back,left,forward,266,232310,230638,60,43591,final_hold
fall_5,held back,left,forward,267,232320,230638,60,43598,final_hold
fall_5,held back,left,forward,268,232330,230638,60,43606,final_hold
fall_5,held back,left,forward,269,232340,230638,60,43613,final_hold
fall_5,held back,left,forward,270,232350,230638,60,43621,final_hold
fall_5,held back,left,forward,271,232360,230638,60,43628,final_hold
fall_5,held back,left,forward,272,232370,230638,60,43636,final_hold
fall_5,held back,left,forward,273,232380,230638,60,43643,final_hold
fall_5,held back,left,forward,274,232390,230638,60,43651,final_hold
fall_5,held back,left,forward,275,232400,230638,60,43658,final_hold
fall_5,held back,left,forward,276,232410,230638,60,43666,final_hold
fall_5,held back,left,forward,277,232420,230638,60,43674,final_hold
fall_5,held back,left,forward,278,232430,230638,60,43681,final_hold
fall_5,held back,left,forward,279,232440,230638,60,43689,final_hold
fall_5,held back,left,forward,280,232450,230638,60,43696,final_hold
fall_5,held back,left,forward,281,232460,230638,60,43704,final_hold
fall_5,held back,left,forward,282,232470,230638,60,43711,final_hold
fall_5,held back,left,forward,283,232480,230638,60,43719,final_hold
fall_5,held back,left,forward,284,232490,230638,60,43727,final_hold
fall_5,held back,left,forward,285,232500,230638,60,43734,final_hold
fall_5,held back,left,forward,286,232510,230638,60,43742,final_hold
fall_5,held back,left,forward,287,232520,230638,60,43749,final_hold
fall_5,held back,left,forward,288,232530,230638,60,43757,final_hold
fall_5,held back,left,forward,289,232540,230638,60,43764,final_hold
fall_5,held back,left,forward,290,232550,230638,60,43772,final_hold
fall_5,held back,left,forward,291,232560,230638,60,43780,final_hold
fall_5,held back,left,forward,292,232570,230638,60,43787,final_hold
fall_5,held back,left,forward,293,232580,230638,60,43795,final_hold
fall_5,held back,left,forward,294,232590,230638,60,43802,final_hold
fall_5,held back,left,forward,295,232600,230638,60,43810,final_hold
fall_5,held back,left,forward,296,232610,230638,60,43817,final_hold
fall_5,held back,left,forward,297,232620,230638,60,43825,final_hold
fall_5,held back,left,forward,298,232630,230638,60,43832,final_hold
fall_5,held back,left,forward,299,232640,230638,60,43840,final_hold
fall_5,held back,left,forward,300,232650,230638,60,43847,final_hold
fall_5,held back,left,forward,301,232660,230638,60,43855,final_hold
fall_5,held back,left,forward,302,232670,230638,60,43863,final_hold
fall_5,held back,left,forward,303,232680,230638,60,43870,final_hold
fall_5,held back,left,forward,304,232690,230638,60,43878,final_hold
fall_5,held back,left,forward,305,232700,230638,60,43885,final_hold
fall_5,held back,left,forward,306,232710,230638,60,43893,final_hold
fall_5,held back,left,forward,307,232720,230638,60,43900,final_hold
fall_5,held back,left,forward,308,232730,230638,60,43908,final_hold
fall_5,held back,left,forward,309,232740,230638,60,43915,final_hold
fall_5,held back,left,forward,310,232750,230638,60,43923,final_hold
fall_5,held back,left,forward,311,232760,230638,60,43930,final_hold
fall_5,held back,left,forward,312,232770,230638,60,43938,final_hold
fall_5,held back,left,forward,313,232780,230638,60,43946,final_hold
fall_5,held back,left,forward,314,232790,230638,60,43953,final_hold
fall_5,held back,left,forward,315,232800,230638,60,43961,final_hold
fall_5,held back,left,forward,316,232810,230638,60,43968,final_hold
fall_5,held back,left,forward,317,232820,230638,60,43976,final_hold
fall_5,held back,left,forward,318,232830,230638,60,43983,final_hold
fall_5,held back,left,forward,319,232840,230638,60,43991,final_hold
fall_5,held back,left,forward,320,232850,230638,60,43998,final_hold
fall_5,held back,left,forward,321,232860,230638,60,44006,final_hold
fall_5,held back,left,forward,322,232870,230638,60,44014,final_hold
fall_5,held back,left,forward,323,232880,230638,60,44021,final_hold
fall_5,held back,left,forward,324,232890,230638,60,44029,final_hold
fall_5,held back,left,forward,325,232900,230638,60,44036,final_hold
fall_5,held back,left,forward,326,232910,230638,60,44044,final_hold
fall_5,held back,left,forward,327,232920,230638,60,44051,final_hold
fall_5,held back,left,forward,328,232930,230638,60,44059,final_hold
fall_5,held back,left,forward,329,232940,230638,60,44066,final_hold
fall_5,held back,left,forward,330,232950,230638,60,44074,final_hold
fall_5,held back,left,forward,331,232960,230638,60,44082,final_hold
fall_5,held back,left,forward,332,232970,230638,60,44089,final_hold
fall_5,held back,left,forward,333,232980,230638,60,44097,final_hold
fall_5,held back,left,forward,334,232990,230638,60,44104,final_hold
fall_5,held back,left,forward,335,233000,230638,60,44112,final_hold
fall_5,held back,left,forward,336,233010,230638,60,44119,final_hold
fall_5,held back,left,forward,337,233020,230638,60,44127,final_hold
fall_5,held back,left,forward,338,233030,230638,60,44135,final_hold
fall_5,held back,left,forward,339,233040,230638,60,44142,final_hold
